{
  "RF": {
    "train": {
      "accuracy": 0.9772296015180265,
      "precision": 0.8768492602958816,
      "recall": 0.832258064516129,
      "f1": 0.8539719626168224,
      "roc_auc": 0.9930743106315557,
      "gini": 0.9861486212631114,
      "confusion_matrix": {
        "tn": 59989,
        "fp": 616,
        "fn": 884,
        "tp": 4386
      }
    },
    "validation": {
      "accuracy": 0.91664,
      "precision": 0.29411764705882354,
      "recall": 0.03,
      "f1": 0.0544464609800363,
      "roc_auc": 0.6626092173913043,
      "gini": 0.3252184347826086,
      "confusion_matrix": {
        "tn": 11428,
        "fp": 72,
        "fn": 970,
        "tp": 30
      }
    },
    "test": {
      "accuracy": 0.9181818181818182,
      "precision": 0.0,
      "recall": 0.0,
      "f1": 0.0,
      "roc_auc": 0.7692283507006827,
      "gini": 0.5384567014013655,
      "confusion_matrix": {
        "tn": 2525,
        "fp": 5,
        "fn": 220,
        "tp": 0
      }
    }
  },
  "GB": {
    "train": {
      "accuracy": 0.9984971537001898,
      "precision": 0.9940760557997325,
      "recall": 0.9870967741935484,
      "f1": 0.9905741216795202,
      "roc_auc": 0.9998649747243441,
      "gini": 0.9997299494486882,
      "confusion_matrix": {
        "tn": 60574,
        "fp": 31,
        "fn": 68,
        "tp": 5202
      }
    },
    "validation": {
      "accuracy": 0.91344,
      "precision": 0.34108527131782945,
      "recall": 0.088,
      "f1": 0.13990461049284578,
      "roc_auc": 0.6663625217391305,
      "gini": 0.33272504347826093,
      "confusion_matrix": {
        "tn": 11330,
        "fp": 170,
        "fn": 912,
        "tp": 88
      }
    },
    "test": {
      "accuracy": 0.9152727272727272,
      "precision": 0.4155844155844156,
      "recall": 0.14545454545454545,
      "f1": 0.21548821548821548,
      "roc_auc": 0.734690980955803,
      "gini": 0.46938196191160597,
      "confusion_matrix": {
        "tn": 2485,
        "fp": 45,
        "fn": 188,
        "tp": 32
      }
    }
  },
  "LR": {
    "train": {
      "accuracy": 0.92,
      "precision": 0.0,
      "recall": 0.0,
      "f1": 0.0,
      "roc_auc": 0.7694716510480111,
      "gini": 0.5389433020960221,
      "confusion_matrix": {
        "tn": 60605,
        "fp": 0,
        "fn": 5270,
        "tp": 0
      }
    },
    "validation": {
      "accuracy": 0.92,
      "precision": 0.0,
      "recall": 0.0,
      "f1": 0.0,
      "roc_auc": 0.6697075652173914,
      "gini": 0.3394151304347828,
      "confusion_matrix": {
        "tn": 11500,
        "fp": 0,
        "fn": 1000,
        "tp": 0
      }
    },
    "test": {
      "accuracy": 0.92,
      "precision": 0.0,
      "recall": 0.0,
      "f1": 0.0,
      "roc_auc": 0.6831836148041682,
      "gini": 0.36636722960833645,
      "confusion_matrix": {
        "tn": 2530,
        "fp": 0,
        "fn": 220,
        "tp": 0
      }
    }
  }
}