{
  "train": {
    "accuracy": 1.0,
    "precision": 1.0,
    "recall": 1.0,
    "f1": 1.0,
    "roc_auc": 1.0,
    "gini": 1.0,
    "confusion_matrix": {
      "tn": 45144,
      "fp": 0,
      "fn": 0,
      "tp": 5016
    }
  },
  "validation_insample": {
    "accuracy": 0.9961722488038277,
    "precision": 0.989448051948052,
    "recall": 0.9720893141945773,
    "f1": 0.9806918744971842,
    "roc_auc": 0.9998144516317942,
    "gini": 0.9996289032635883,
    "confusion_matrix": {
      "tn": 11273,
      "fp": 13,
      "fn": 35,
      "tp": 1219
    }
  },
  "validation_outsample": {
    "accuracy": 0.9819119332132918,
    "precision": 0.3333333333333333,
    "recall": 0.004545454545454545,
    "f1": 0.008968609865470852,
    "roc_auc": 0.7340363545439392,
    "gini": 0.46807270908787846,
    "confusion_matrix": {
      "tn": 11996,
      "fp": 2,
      "fn": 219,
      "tp": 1
    }
  },
  "gaps_insample": {
    "accuracy": 0.003827751196172291,
    "precision": 0.010551948051948035,
    "recall": 0.027910685805422664,
    "f1": 0.0193081255028158,
    "roc_auc": 0.00018554836820583454,
    "gini": 0.00037109673641166907
  },
  "gaps_outsample": {
    "accuracy": 0.018088066786708157,
    "precision": 0.6666666666666667,
    "recall": 0.9954545454545455,
    "f1": 0.9910313901345291,
    "roc_auc": 0.26596364545606077,
    "gini": 0.5319272909121215
  },
  "overfitting_risk_insample": "LOW",
  "auc_gap_insample": 0.00018554836820583454,
  "auc_gap_outsample": 0.26596364545606077
}