{
  "train": {
    "accuracy": 1.0,
    "precision": 1.0,
    "recall": 1.0,
    "f1": 1.0,
    "roc_auc": 1.0,
    "gini": 1.0,
    "confusion_matrix": {
      "tn": 45144,
      "fp": 0,
      "fn": 0,
      "tp": 5016
    }
  },
  "validation_insample": {
    "accuracy": 0.9932216905901117,
    "precision": 0.9779231398201145,
    "recall": 0.9537480063795853,
    "f1": 0.9656842955187727,
    "roc_auc": 0.999540085937299,
    "gini": 0.9990801718745981,
    "confusion_matrix": {
      "tn": 11259,
      "fp": 27,
      "fn": 58,
      "tp": 1196
    }
  },
  "validation_outsample": {
    "accuracy": 0.9815845473890981,
    "precision": 0.0,
    "recall": 0.0,
    "f1": 0.0,
    "roc_auc": 0.6965088878449438,
    "gini": 0.3930177756898876,
    "confusion_matrix": {
      "tn": 11993,
      "fp": 5,
      "fn": 220,
      "tp": 0
    }
  },
  "gaps_insample": {
    "accuracy": 0.006778309409888328,
    "precision": 0.022076860179885527,
    "recall": 0.046251993620414655,
    "f1": 0.03431570448122734,
    "roc_auc": 0.00045991406270096125,
    "gini": 0.0009198281254019225
  },
  "gaps_outsample": {
    "accuracy": 0.01841545261090194,
    "precision": 1.0,
    "recall": 1.0,
    "f1": 1.0,
    "roc_auc": 0.3034911121550562,
    "gini": 0.6069822243101124
  },
  "overfitting_risk_insample": "LOW",
  "auc_gap_insample": 0.00045991406270096125,
  "auc_gap_outsample": 0.3034911121550562
}