{
  "train": {
    "accuracy": 1.0,
    "precision": 1.0,
    "recall": 1.0,
    "f1": 1.0,
    "roc_auc": 1.0,
    "gini": 1.0,
    "confusion_matrix": {
      "tn": 45144,
      "fp": 0,
      "fn": 0,
      "tp": 5016
    }
  },
  "validation_insample": {
    "accuracy": 0.9893141945773525,
    "precision": 0.9628099173553719,
    "recall": 0.9290271132376395,
    "f1": 0.9456168831168831,
    "roc_auc": 0.9964071731048982,
    "gini": 0.9928143462097965,
    "confusion_matrix": {
      "tn": 11241,
      "fp": 45,
      "fn": 89,
      "tp": 1165
    }
  },
  "validation_outsample": {
    "accuracy": 0.9797839253560321,
    "precision": 0.13513513513513514,
    "recall": 0.022727272727272728,
    "f1": 0.038910505836575876,
    "roc_auc": 0.7447220370061677,
    "gini": 0.48944407401233536,
    "confusion_matrix": {
      "tn": 11966,
      "fp": 32,
      "fn": 215,
      "tp": 5
    }
  },
  "gaps_insample": {
    "accuracy": 0.01068580542264752,
    "precision": 0.037190082644628086,
    "recall": 0.07097288676236047,
    "f1": 0.05438311688311692,
    "roc_auc": 0.003592826895101764,
    "gini": 0.007185653790203528
  },
  "gaps_outsample": {
    "accuracy": 0.020216074643967907,
    "precision": 0.8648648648648649,
    "recall": 0.9772727272727273,
    "f1": 0.9610894941634242,
    "roc_auc": 0.2552779629938323,
    "gini": 0.5105559259876646
  },
  "overfitting_risk_insample": "LOW",
  "auc_gap_insample": 0.003592826895101764,
  "auc_gap_outsample": 0.2552779629938323
}