{
  "train": {
    "accuracy": 0.6686802232854865,
    "precision": 0.18665946529840668,
    "recall": 0.6889952153110048,
    "f1": 0.29374017253835366,
    "roc_auc": 0.7350107955093056,
    "gini": 0.4700215910186112,
    "confusion_matrix": {
      "tn": 30085,
      "fp": 15059,
      "fn": 1560,
      "tp": 3456
    }
  },
  "validation_insample": {
    "accuracy": 0.6707336523125996,
    "precision": 0.18076837663779702,
    "recall": 0.6491228070175439,
    "f1": 0.28278617335417755,
    "roc_auc": 0.725286384650105,
    "gini": 0.45057276930020995,
    "confusion_matrix": {
      "tn": 7597,
      "fp": 3689,
      "fn": 440,
      "tp": 814
    }
  },
  "validation_outsample": {
    "accuracy": 0.48862334260926504,
    "precision": 0.02219403931515536,
    "recall": 0.6363636363636364,
    "f1": 0.0428921568627451,
    "roc_auc": 0.5814972950037127,
    "gini": 0.16299459000742544,
    "confusion_matrix": {
      "tn": 5830,
      "fp": 6168,
      "fn": 80,
      "tp": 140
    }
  },
  "gaps_insample": {
    "accuracy": -0.0020534290271131406,
    "precision": 0.005891088660609667,
    "recall": 0.03987240829346095,
    "f1": 0.01095399918417611,
    "roc_auc": 0.009724410859200616,
    "gini": 0.019448821718401232
  },
  "gaps_outsample": {
    "accuracy": 0.18005688067622144,
    "precision": 0.1644654259832513,
    "recall": 0.052631578947368474,
    "f1": 0.25084801567560855,
    "roc_auc": 0.15351350050559287,
    "gini": 0.30702700101118574
  },
  "overfitting_risk_insample": "LOW",
  "auc_gap_insample": 0.009724410859200616,
  "auc_gap_outsample": 0.15351350050559287
}