{
  "train": {
    "accuracy": 0.6645933014354067,
    "precision": 0.18261477260509623,
    "recall": 0.6772328548644339,
    "f1": 0.2876619527479041,
    "roc_auc": 0.7338149500545622,
    "gini": 0.4676299001091244,
    "confusion_matrix": {
      "tn": 29939,
      "fp": 15205,
      "fn": 1619,
      "tp": 3397
    }
  },
  "validation_insample": {
    "accuracy": 0.659170653907496,
    "precision": 0.18130012663571127,
    "recall": 0.6850079744816587,
    "f1": 0.28671562082777036,
    "roc_auc": 0.7367674195719187,
    "gini": 0.4735348391438374,
    "confusion_matrix": {
      "tn": 7407,
      "fp": 3879,
      "fn": 395,
      "tp": 859
    }
  },
  "validation_outsample": {
    "accuracy": 0.4612047798330332,
    "precision": 0.024652622142536978,
    "recall": 0.75,
    "f1": 0.04773614928395776,
    "roc_auc": 0.6099944687750988,
    "gini": 0.21998893755019755,
    "confusion_matrix": {
      "tn": 5470,
      "fp": 6528,
      "fn": 55,
      "tp": 165
    }
  },
  "gaps_insample": {
    "accuracy": 0.005422647527910773,
    "precision": 0.0013146459693849644,
    "recall": -0.007775119617224879,
    "f1": 0.0009463319201337694,
    "roc_auc": -0.002952469517356504,
    "gini": -0.005904939034713008
  },
  "gaps_outsample": {
    "accuracy": 0.20338852160237353,
    "precision": 0.15796215046255926,
    "recall": -0.07276714513556615,
    "f1": 0.23992580346394637,
    "roc_auc": 0.12382048127946343,
    "gini": 0.24764096255892687
  },
  "overfitting_risk_insample": "LOW",
  "auc_gap_insample": -0.002952469517356504,
  "auc_gap_outsample": 0.12382048127946343
}