{
  "train": {
    "accuracy": 0.6451555023923445,
    "precision": 0.17577233297823772,
    "recall": 0.6907894736842105,
    "f1": 0.2802377775081888,
    "roc_auc": 0.732076599962523,
    "gini": 0.4641531999250459,
    "confusion_matrix": {
      "tn": 28896,
      "fp": 16248,
      "fn": 1551,
      "tp": 3465
    }
  },
  "validation_insample": {
    "accuracy": 0.644896331738437,
    "precision": 0.17270308983016167,
    "recall": 0.6730462519936204,
    "f1": 0.2748737990555284,
    "roc_auc": 0.7241603759693241,
    "gini": 0.4483207519386483,
    "confusion_matrix": {
      "tn": 7243,
      "fp": 4043,
      "fn": 410,
      "tp": 844
    }
  },
  "validation_outsample": {
    "accuracy": 0.47020788999836305,
    "precision": 0.0243420051726761,
    "recall": 0.7272727272727273,
    "f1": 0.0471073163550714,
    "roc_auc": 0.617549136977375,
    "gini": 0.23509827395475003,
    "confusion_matrix": {
      "tn": 5585,
      "fp": 6413,
      "fn": 60,
      "tp": 160
    }
  },
  "gaps_insample": {
    "accuracy": 0.00025917065390757,
    "precision": 0.0030692431480760507,
    "recall": 0.01774322169059006,
    "f1": 0.005363978452660401,
    "roc_auc": 0.007916223993198801,
    "gini": 0.015832447986397602
  },
  "gaps_outsample": {
    "accuracy": 0.1749476123939815,
    "precision": 0.15143032780556162,
    "recall": -0.036483253588516784,
    "f1": 0.2331304611531174,
    "roc_auc": 0.11452746298514793,
    "gini": 0.22905492597029586
  },
  "overfitting_risk_insample": "LOW",
  "auc_gap_insample": 0.007916223993198801,
  "auc_gap_outsample": 0.11452746298514793
}