{
  "train": {
    "accuracy": 0.6544059011164274,
    "precision": 0.1864915763220848,
    "recall": 0.7304625199362041,
    "f1": 0.29712524834772736,
    "roc_auc": 0.7479861580987976,
    "gini": 0.4959723161975953,
    "confusion_matrix": {
      "tn": 29161,
      "fp": 15983,
      "fn": 1352,
      "tp": 3664
    }
  },
  "validation_insample": {
    "accuracy": 0.6461722488038277,
    "precision": 0.18541213678592608,
    "recall": 0.748006379585327,
    "f1": 0.2971645810232853,
    "roc_auc": 0.7401097632357599,
    "gini": 0.4802195264715199,
    "confusion_matrix": {
      "tn": 7165,
      "fp": 4121,
      "fn": 316,
      "tp": 938
    }
  },
  "validation_outsample": {
    "accuracy": 0.3685545915861843,
    "precision": 0.02497147927493979,
    "recall": 0.8954545454545455,
    "f1": 0.04858798865458133,
    "roc_auc": 0.6712410401733623,
    "gini": 0.34248208034672456,
    "confusion_matrix": {
      "tn": 4306,
      "fp": 7692,
      "fn": 23,
      "tp": 197
    }
  },
  "gaps_insample": {
    "accuracy": 0.008233652312599649,
    "precision": 0.0010794395361587161,
    "recall": -0.01754385964912286,
    "f1": -3.933267555794595e-05,
    "roc_auc": 0.007876394863037706,
    "gini": 0.01575278972607541
  },
  "gaps_outsample": {
    "accuracy": 0.28585130953024307,
    "precision": 0.161520097047145,
    "recall": -0.16499202551834136,
    "f1": 0.24853725969314602,
    "roc_auc": 0.07674511792543537,
    "gini": 0.15349023585087074
  },
  "overfitting_risk_insample": "LOW",
  "auc_gap_insample": 0.007876394863037706,
  "auc_gap_outsample": 0.07674511792543537
}