{
  "train": {
    "accuracy": 0.9983054226475279,
    "precision": 0.9837159113203845,
    "recall": 0.9996012759170654,
    "f1": 0.9915949767625828,
    "roc_auc": 0.9999857932906389,
    "gini": 0.9999715865812777,
    "confusion_matrix": {
      "tn": 45061,
      "fp": 83,
      "fn": 2,
      "tp": 5014
    }
  },
  "validation_insample": {
    "accuracy": 0.9937799043062201,
    "precision": 0.9688995215311005,
    "recall": 0.9688995215311005,
    "f1": 0.9688995215311005,
    "roc_auc": 0.9995142957033328,
    "gini": 0.9990285914066657,
    "confusion_matrix": {
      "tn": 11247,
      "fp": 39,
      "fn": 39,
      "tp": 1215
    }
  },
  "validation_outsample": {
    "accuracy": 0.9823211654935341,
    "precision": 1.0,
    "recall": 0.01818181818181818,
    "f1": 0.03571428571428571,
    "roc_auc": 0.7011221567230902,
    "gini": 0.4022443134461804,
    "confusion_matrix": {
      "tn": 11998,
      "fp": 0,
      "fn": 216,
      "tp": 4
    }
  },
  "gaps_insample": {
    "accuracy": 0.004525518341307766,
    "precision": 0.014816389789284012,
    "recall": 0.030701754385964897,
    "f1": 0.02269545523148231,
    "roc_auc": 0.00047149758730602453,
    "gini": 0.0009429951746120491
  },
  "gaps_outsample": {
    "accuracy": 0.015984257153993764,
    "precision": -0.016284088679615505,
    "recall": 0.9814194577352472,
    "f1": 0.9558806910482971,
    "roc_auc": 0.29886363656754866,
    "gini": 0.5977272731350973
  },
  "overfitting_risk_insample": "LOW",
  "auc_gap_insample": 0.00047149758730602453,
  "auc_gap_outsample": 0.29886363656754866
}