{
  "train": {
    "accuracy": 0.9981060606060606,
    "precision": 0.9814126394052045,
    "recall": 1.0,
    "f1": 0.9906191369606003,
    "roc_auc": 0.9999855680677052,
    "gini": 0.9999711361354104,
    "confusion_matrix": {
      "tn": 45049,
      "fp": 95,
      "fn": 0,
      "tp": 5016
    }
  },
  "validation_insample": {
    "accuracy": 0.9915470494417863,
    "precision": 0.9570063694267515,
    "recall": 0.9585326953748007,
    "f1": 0.9577689243027888,
    "roc_auc": 0.999225233108386,
    "gini": 0.9984504662167719,
    "confusion_matrix": {
      "tn": 11232,
      "fp": 54,
      "fn": 52,
      "tp": 1202
    }
  },
  "validation_outsample": {
    "accuracy": 0.9820756261253888,
    "precision": 1.0,
    "recall": 0.004545454545454545,
    "f1": 0.00904977375565611,
    "roc_auc": 0.7076084650472048,
    "gini": 0.4152169300944095,
    "confusion_matrix": {
      "tn": 11998,
      "fp": 0,
      "fn": 219,
      "tp": 1
    }
  },
  "gaps_insample": {
    "accuracy": 0.006559011164274264,
    "precision": 0.024406269978452966,
    "recall": 0.04146730462519932,
    "f1": 0.03285021265781152,
    "roc_auc": 0.0007603349593192643,
    "gini": 0.0015206699186385286
  },
  "gaps_outsample": {
    "accuracy": 0.016030434480671762,
    "precision": -0.018587360594795488,
    "recall": 0.9954545454545455,
    "f1": 0.9815693632049443,
    "roc_auc": 0.29237710302050046,
    "gini": 0.5847542060410009
  },
  "overfitting_risk_insample": "LOW",
  "auc_gap_insample": 0.0007603349593192643,
  "auc_gap_outsample": 0.29237710302050046
}