{
  "train": {
    "accuracy": 0.9978269537480063,
    "precision": 0.9787317073170732,
    "recall": 1.0,
    "f1": 0.9892515531012721,
    "roc_auc": 0.999987467006165,
    "gini": 0.9999749340123301,
    "confusion_matrix": {
      "tn": 45035,
      "fp": 109,
      "fn": 0,
      "tp": 5016
    }
  },
  "validation_insample": {
    "accuracy": 0.9920255183413078,
    "precision": 0.9593949044585988,
    "recall": 0.9609250398724083,
    "f1": 0.9601593625498008,
    "roc_auc": 0.9991840393922153,
    "gini": 0.9983680787844307,
    "confusion_matrix": {
      "tn": 11235,
      "fp": 51,
      "fn": 49,
      "tp": 1205
    }
  },
  "validation_outsample": {
    "accuracy": 0.9820756261253888,
    "precision": 1.0,
    "recall": 0.004545454545454545,
    "f1": 0.00904977375565611,
    "roc_auc": 0.7516165573050053,
    "gini": 0.5032331146100106,
    "confusion_matrix": {
      "tn": 11998,
      "fp": 0,
      "fn": 219,
      "tp": 1
    }
  },
  "gaps_insample": {
    "accuracy": 0.00580143540669853,
    "precision": 0.01933680285847439,
    "recall": 0.03907496012759171,
    "f1": 0.029092190551471275,
    "roc_auc": 0.0008034276139496921,
    "gini": 0.0016068552278993842
  },
  "gaps_outsample": {
    "accuracy": 0.01575132762261755,
    "precision": -0.021268292682926848,
    "recall": 0.9954545454545455,
    "f1": 0.980201779345616,
    "roc_auc": 0.24837090970115971,
    "gini": 0.49674181940231943
  },
  "overfitting_risk_insample": "LOW",
  "auc_gap_insample": 0.0008034276139496921,
  "auc_gap_outsample": 0.24837090970115971
}