{
  "train": {
    "accuracy": 0.9957137161084529,
    "precision": 0.9588988721085835,
    "recall": 1.0,
    "f1": 0.9790182492436811,
    "roc_auc": 0.9999726287893625,
    "gini": 0.9999452575787251,
    "confusion_matrix": {
      "tn": 44929,
      "fp": 215,
      "fn": 0,
      "tp": 5016
    }
  },
  "validation_insample": {
    "accuracy": 0.9821371610845295,
    "precision": 0.8866366366366366,
    "recall": 0.9417862838915471,
    "f1": 0.9133797370456304,
    "roc_auc": 0.9945546570661992,
    "gini": 0.9891093141323983,
    "confusion_matrix": {
      "tn": 11135,
      "fp": 151,
      "fn": 73,
      "tp": 1181
    }
  },
  "validation_outsample": {
    "accuracy": 0.9806023899165166,
    "precision": 0.24242424242424243,
    "recall": 0.03636363636363636,
    "f1": 0.06324110671936758,
    "roc_auc": 0.7405317552925488,
    "gini": 0.48106351058509755,
    "confusion_matrix": {
      "tn": 11973,
      "fp": 25,
      "fn": 212,
      "tp": 8
    }
  },
  "gaps_insample": {
    "accuracy": 0.013576555023923409,
    "precision": 0.07226223547194688,
    "recall": 0.05821371610845294,
    "f1": 0.06563851219805072,
    "roc_auc": 0.005417971723163384,
    "gini": 0.010835943446326768
  },
  "gaps_outsample": {
    "accuracy": 0.015111326191936336,
    "precision": 0.7164746296843411,
    "recall": 0.9636363636363636,
    "f1": 0.9157771425243135,
    "roc_auc": 0.2594408734968138,
    "gini": 0.5188817469936275
  },
  "overfitting_risk_insample": "LOW",
  "auc_gap_insample": 0.005417971723163384,
  "auc_gap_outsample": 0.2594408734968138
}