{
  "RF": {
    "train": {
      "accuracy": 0.9460724294615406,
      "precision": 0.8349633251833741,
      "recall": 0.7776091081593928,
      "f1": 0.8052662605619965,
      "roc_auc": 0.9779676945016742,
      "gini": 0.9559353890033484,
      "confusion_matrix": {
        "tn": 30673,
        "fp": 810,
        "fn": 1172,
        "tp": 4098
      }
    },
    "validation": {
      "accuracy": 0.794927679809788,
      "precision": 0.42738589211618255,
      "recall": 0.103,
      "f1": 0.16599516518936341,
      "roc_auc": 0.6660410180380528,
      "gini": 0.33208203607610565,
      "confusion_matrix": {
        "tn": 3909,
        "fp": 138,
        "fn": 897,
        "tp": 103
      }
    },
    "test": {
      "accuracy": 0.956457685382223,
      "precision": 0.038461538461538464,
      "recall": 0.05909090909090909,
      "f1": 0.04659498207885305,
      "roc_auc": 0.7499897710224431,
      "gini": 0.49997954204488626,
      "confusion_matrix": {
        "tn": 11673,
        "fp": 325,
        "fn": 207,
        "tp": 13
      }
    }
  },
  "GB": {
    "train": {
      "accuracy": 0.9939596767610808,
      "precision": 0.985198000768935,
      "recall": 0.9724857685009488,
      "f1": 0.9788006111535523,
      "roc_auc": 0.999329564987363,
      "gini": 0.9986591299747261,
      "confusion_matrix": {
        "tn": 31406,
        "fp": 77,
        "fn": 145,
        "tp": 5125
      }
    },
    "validation": {
      "accuracy": 0.8022587675847038,
      "precision": 0.5053191489361702,
      "recall": 0.095,
      "f1": 0.15993265993265993,
      "roc_auc": 0.6691401037805782,
      "gini": 0.3382802075611564,
      "confusion_matrix": {
        "tn": 3954,
        "fp": 93,
        "fn": 905,
        "tp": 95
      }
    },
    "test": {
      "accuracy": 0.9680798821411033,
      "precision": 0.13043478260869565,
      "recall": 0.13636363636363635,
      "f1": 0.13333333333333333,
      "roc_auc": 0.7626731349164253,
      "gini": 0.5253462698328506,
      "confusion_matrix": {
        "tn": 11798,
        "fp": 200,
        "fn": 190,
        "tp": 30
      }
    }
  },
  "LR": {
    "train": {
      "accuracy": 0.8563110494381411,
      "precision": 0.46153846153846156,
      "recall": 0.012523719165085389,
      "f1": 0.02438573803805653,
      "roc_auc": 0.7667467807842563,
      "gini": 0.5334935615685126,
      "confusion_matrix": {
        "tn": 31406,
        "fp": 77,
        "fn": 5204,
        "tp": 66
      }
    },
    "validation": {
      "accuracy": 0.8040420051515752,
      "precision": 0.5846153846153846,
      "recall": 0.038,
      "f1": 0.07136150234741784,
      "roc_auc": 0.6653661971830986,
      "gini": 0.3307323943661973,
      "confusion_matrix": {
        "tn": 4020,
        "fp": 27,
        "fn": 962,
        "tp": 38
      }
    },
    "test": {
      "accuracy": 0.9664429530201343,
      "precision": 0.0,
      "recall": 0.0,
      "f1": 0.0,
      "roc_auc": 0.680854005970692,
      "gini": 0.361708011941384,
      "confusion_matrix": {
        "tn": 11808,
        "fp": 190,
        "fn": 220,
        "tp": 0
      }
    }
  }
}