{
  "model1_muscular": {
    "train": {
      "accuracy": 0.883621556980269,
      "precision": 0.03776932139810138,
      "recall": 0.9704244954766875,
      "f1": 0.07270878683994421,
      "roc_auc": 0.9810148008125958,
      "gini": 0.9620296016251917,
      "confusion_matrix": {
        "tn": 537345,
        "fp": 71054,
        "fn": 85,
        "tp": 2789
      }
    },
    "test": {
      "accuracy": 0.7958044818418207,
      "precision": 0.008811866647084741,
      "recall": 0.2,
      "f1": 0.016880011253340835,
      "roc_auc": 0.48070528880635877,
      "gini": -0.03858942238728247,
      "confusion_matrix": {
        "tn": 27178,
        "fp": 6749,
        "fn": 240,
        "tp": 60
      }
    }
  },
  "model2_skeletal": {
    "train": {
      "accuracy": 0.9055518795613265,
      "precision": 0.03606299739182773,
      "recall": 0.9944674965421854,
      "f1": 0.06960197479872864,
      "roc_auc": 0.9906638714292643,
      "gini": 0.9813277428585285,
      "confusion_matrix": {
        "tn": 550744,
        "fp": 57655,
        "fn": 12,
        "tp": 2157
      }
    },
    "test": {
      "accuracy": 0.9489966800834386,
      "precision": 0.0024479804161566705,
      "recall": 0.03636363636363636,
      "f1": 0.0045871559633027525,
      "roc_auc": 0.4665770357210803,
      "gini": -0.06684592855783944,
      "confusion_matrix": {
        "tn": 32297,
        "fp": 1630,
        "fn": 106,
        "tp": 4
      }
    }
  },
  "configuration": {
    "min_season": "2018_2019",
    "exclude_season": "2025_2026",
    "training_date": "2026-01-22T09:59:56.374655"
  }
}