{
  "description": "V4 580 muscular experiment with 80/20 train/val split and 2025/26 holdout test.",
  "training_pool_seasons": "2018_2019\u20132024_2025 (excluding 2021_2022 and 2022_2023)",
  "holdout_season": "2025_2026",
  "feature_selection": {
    "method": "iterative_feature_selection",
    "iteration": 31,
    "n_features": 580,
    "combined_score_iteration_31": 0.3161527002355856
  },
  "dataset_sizes": {
    "train_rows": 33336,
    "val_rows": 8334,
    "test_rows": 5175
  },
  "metrics": {
    "train": {
      "accuracy": 0.9971502279817615,
      "precision": 0.5581395348837209,
      "recall": 1.0,
      "f1": 0.7164179104477612,
      "roc_auc": 0.9988915984264611,
      "gini": 0.9977831968529223,
      "confusion_matrix": {
        "tn": 33121,
        "fp": 95,
        "fn": 0,
        "tp": 120
      }
    },
    "validation": {
      "accuracy": 0.9929205663546916,
      "precision": 0.10810810810810811,
      "recall": 0.13333333333333333,
      "f1": 0.11940298507462686,
      "roc_auc": 0.9944364161849711,
      "gini": 0.9888728323699423,
      "confusion_matrix": {
        "tn": 8271,
        "fp": 33,
        "fn": 26,
        "tp": 4
      }
    },
    "test_2025_26": {
      "accuracy": 0.9951690821256038,
      "precision": 0.0,
      "recall": 0.0,
      "f1": 0.0,
      "roc_auc": 0.7319106796116505,
      "gini": 0.4638213592233009,
      "confusion_matrix": {
        "tn": 5150,
        "fp": 0,
        "fn": 25,
        "tp": 0
      }
    }
  }
}