{
  "accuracy": 0.9712713159463192,
  "precision": 0.1487340447792425,
  "recall": 1.0,
  "f1": 0.25895296732121387,
  "roc_auc": 0.9994454433596113,
  "gini": 0.9988908867192225,
  "confusion_matrix": {
    "tn": 684143,
    "fp": 20341,
    "fn": 0,
    "tp": 3554
  }
}