{
  "accuracy": 0.9709403973509934,
  "precision": 0.20908435472242248,
  "recall": 1.0,
  "f1": 0.345855694692904,
  "roc_auc": 0.999491503580831,
  "gini": 0.9989830071616621,
  "confusion_matrix": {
    "tn": 36363,
    "fp": 1097,
    "fn": 0,
    "tp": 290
  }
}