{
  "accuracy": 0.9917086092715232,
  "precision": 0.48092868988391374,
  "recall": 1.0,
  "f1": 0.6494960806270996,
  "roc_auc": 0.999792882522967,
  "gini": 0.9995857650459341,
  "confusion_matrix": {
    "tn": 37147,
    "fp": 313,
    "fn": 0,
    "tp": 290
  }
}