{
  "model1_muscular": {
    "train": {
      "accuracy": 0.9905410512160687,
      "precision": 0.3320240295748614,
      "recall": 1.0,
      "f1": 0.49852558542931485,
      "roc_auc": 0.9999962940483367,
      "gini": 0.9999925880966734,
      "confusion_matrix": {
        "tn": 602617,
        "fp": 5782,
        "fn": 0,
        "tp": 2874
      }
    },
    "test": {
      "accuracy": 0.9708417331346598,
      "precision": 0.052564102564102565,
      "recall": 0.13666666666666666,
      "f1": 0.07592592592592592,
      "roc_auc": 0.7560767726785942,
      "gini": 0.5121535453571884,
      "confusion_matrix": {
        "tn": 33188,
        "fp": 739,
        "fn": 259,
        "tp": 41
      }
    }
  },
  "model2_skeletal": {
    "train": {
      "accuracy": 0.9968979704144337,
      "precision": 0.5338419886783166,
      "recall": 1.0,
      "f1": 0.6960847240051348,
      "roc_auc": 0.9999997673568166,
      "gini": 0.9999995347136332,
      "confusion_matrix": {
        "tn": 606505,
        "fp": 1894,
        "fn": 0,
        "tp": 2169
      }
    },
    "test": {
      "accuracy": 0.9926550518553339,
      "precision": 0.02702702702702703,
      "recall": 0.03636363636363636,
      "f1": 0.031007751937984496,
      "roc_auc": 0.6897579562536676,
      "gini": 0.3795159125073353,
      "confusion_matrix": {
        "tn": 33783,
        "fp": 144,
        "fn": 106,
        "tp": 4
      }
    }
  },
  "configuration": {
    "min_season": "2018_2019",
    "exclude_season": "2025_2026",
    "training_date": "2026-01-21T18:08:16.600013",
    "features": "Layer 2 enriched (workload, recovery, injury history)",
    "num_features_target1": 824,
    "num_features_target2": 824,
    "num_features_combined": 824,
    "version": "v4_enriched"
  }
}