{
  "accuracy": 0.963762972473829,
  "precision": 0.11102176625537225,
  "recall": 1.0,
  "f1": 0.19985524969427737,
  "roc_auc": 0.9993416056112053,
  "gini": 0.9986832112224107,
  "confusion_matrix": {
    "tn": 848693,
    "fp": 32061,
    "fn": 0,
    "tp": 4004
  }
}