{
  "accuracy": 0.9567417218543046,
  "precision": 0.15080603224128966,
  "recall": 1.0,
  "f1": 0.26208766380478987,
  "roc_auc": 0.9991978570245043,
  "gini": 0.9983957140490085,
  "confusion_matrix": {
    "tn": 35827,
    "fp": 1633,
    "fn": 0,
    "tp": 290
  }
}