{
  "algorithm": "gb",
  "n_features": 340,
  "timestamp": "2026-02-27T21:43:13.994534",
  "presets": [
    {
      "preset": "standard",
      "hyperparameters": {
        "n_estimators": 100,
        "max_depth": 5,
        "learning_rate": 0.1,
        "min_samples_leaf": 20
      },
      "train_metrics": {
        "accuracy": 0.9953715012776696,
        "precision": 0.817351598173516,
        "recall": 0.17712250148426678,
        "f1": 0.2911515940143136,
        "roc_auc": 0.9260249466661867,
        "gini": 0.8520498933323735,
        "confusion_matrix": {
          "tn": 936305,
          "fp": 200,
          "fn": 4158,
          "tp": 895
        }
      },
      "val_metrics": {
        "accuracy": 0.9950507668125239,
        "precision": 0.6782608695652174,
        "recall": 0.12510024057738572,
        "f1": 0.21123899796885579,
        "roc_auc": 0.9078236553299129,
        "gini": 0.8156473106598259,
        "confusion_matrix": {
          "tn": 234069,
          "fp": 74,
          "fn": 1091,
          "tp": 156
        }
      },
      "test_metrics": {
        "accuracy": 0.9825239793099985,
        "precision": 0.029745042492917848,
        "recall": 0.028846153846153848,
        "f1": 0.029288702928870293,
        "roc_auc": 0.782095558893491,
        "gini": 0.564191117786982,
        "confusion_matrix": {
          "tn": 78239,
          "fp": 685,
          "fn": 707,
          "tp": 21
        }
      },
      "combined_score_test": 0.35023015184373735
    },
    {
      "preset": "below",
      "hyperparameters": {
        "n_estimators": 60,
        "max_depth": 3,
        "learning_rate": 0.05,
        "min_samples_leaf": 40,
        "subsample": 0.7,
        "max_features": 0.7
      },
      "train_metrics": {
        "accuracy": 0.9946333630004737,
        "precision": 0.0,
        "recall": 0.0,
        "f1": 0.0,
        "roc_auc": 0.8668620285900259,
        "gini": 0.7337240571800518,
        "confusion_matrix": {
          "tn": 936505,
          "fp": 0,
          "fn": 5053,
          "tp": 0
        }
      },
      "val_metrics": {
        "accuracy": 0.9947024087684269,
        "precision": 0.0,
        "recall": 0.0,
        "f1": 0.0,
        "roc_auc": 0.8613765326538243,
        "gini": 0.7227530653076486,
        "confusion_matrix": {
          "tn": 234143,
          "fp": 0,
          "fn": 1247,
          "tp": 0
        }
      },
      "test_metrics": {
        "accuracy": 0.9908602420529302,
        "precision": 0.0,
        "recall": 0.0,
        "f1": 0.0,
        "roc_auc": 0.776778212981079,
        "gini": 0.5535564259621579,
        "confusion_matrix": {
          "tn": 78924,
          "fp": 0,
          "fn": 728,
          "tp": 0
        }
      },
      "combined_score_test": 0.33213385557729475
    },
    {
      "preset": "below_mid",
      "hyperparameters": {
        "n_estimators": 80,
        "max_depth": 4,
        "learning_rate": 0.075,
        "min_samples_leaf": 30,
        "subsample": 0.75,
        "max_features": 0.75
      },
      "train_metrics": {
        "accuracy": 0.9946917768209712,
        "precision": 0.6150627615062761,
        "recall": 0.02909162873540471,
        "f1": 0.05555555555555555,
        "roc_auc": 0.9066574348848089,
        "gini": 0.8133148697696178,
        "confusion_matrix": {
          "tn": 936413,
          "fp": 92,
          "fn": 4906,
          "tp": 147
        }
      },
      "val_metrics": {
        "accuracy": 0.9946726708866137,
        "precision": 0.41025641025641024,
        "recall": 0.012830793905372895,
        "f1": 0.024883359253499222,
        "roc_auc": 0.8887252915280072,
        "gini": 0.7774505830560143,
        "confusion_matrix": {
          "tn": 234120,
          "fp": 23,
          "fn": 1231,
          "tp": 16
        }
      },
      "test_metrics": {
        "accuracy": 0.9907472505398484,
        "precision": 0.0,
        "recall": 0.0,
        "f1": 0.0,
        "roc_auc": 0.7798015346242122,
        "gini": 0.5596030692484244,
        "confusion_matrix": {
          "tn": 78915,
          "fp": 9,
          "fn": 728,
          "tp": 0
        }
      },
      "combined_score_test": 0.33576184154905464
    },
    {
      "preset": "below_strong",
      "hyperparameters": {
        "n_estimators": 40,
        "max_depth": 2,
        "learning_rate": 0.03,
        "min_samples_leaf": 60,
        "subsample": 0.6,
        "max_features": 0.6
      },
      "train_metrics": {
        "accuracy": 0.9946333630004737,
        "precision": 0.0,
        "recall": 0.0,
        "f1": 0.0,
        "roc_auc": 0.8317097887543533,
        "gini": 0.6634195775087066,
        "confusion_matrix": {
          "tn": 936505,
          "fp": 0,
          "fn": 5053,
          "tp": 0
        }
      },
      "val_metrics": {
        "accuracy": 0.9947024087684269,
        "precision": 0.0,
        "recall": 0.0,
        "f1": 0.0,
        "roc_auc": 0.8312659659137223,
        "gini": 0.6625319318274445,
        "confusion_matrix": {
          "tn": 234143,
          "fp": 0,
          "fn": 1247,
          "tp": 0
        }
      },
      "test_metrics": {
        "accuracy": 0.9908602420529302,
        "precision": 0.0,
        "recall": 0.0,
        "f1": 0.0,
        "roc_auc": 0.7652362287881901,
        "gini": 0.5304724575763802,
        "confusion_matrix": {
          "tn": 78924,
          "fp": 0,
          "fn": 728,
          "tp": 0
        }
      },
      "combined_score_test": 0.3182834745458281
    }
  ]
}