{
  "accuracy": 0.9620397350993377,
  "precision": 0.16831108531630876,
  "recall": 1.0,
  "f1": 0.28812717337307503,
  "roc_auc": 0.9990294014765175,
  "gini": 0.9980588029530351,
  "confusion_matrix": {
    "tn": 36027,
    "fp": 1433,
    "fn": 0,
    "tp": 290
  }
}