{
  "accuracy": 0.9724976268326125,
  "precision": 0.7933425797503467,
  "recall": 1.0,
  "f1": 0.8847641144624904,
  "roc_auc": 0.9994143975128645,
  "gini": 0.9988287950257291,
  "confusion_matrix": {
    "tn": 32877,
    "fp": 1043,
    "fn": 0,
    "tp": 4004
  }
}