{
  "accuracy": 0.9945379064313719,
  "precision": 0.505735354362966,
  "recall": 1.0,
  "f1": 0.6717453407699633,
  "roc_auc": 0.9999995463928999,
  "gini": 0.9999990927857998,
  "confusion_matrix": {
    "tn": 436890,
    "fp": 2413,
    "fn": 0,
    "tp": 2469
  }
}