{
  "train": {
    "accuracy": 0.661273923444976,
    "precision": 0.26982274418265373,
    "recall": 0.7374401913875598,
    "f1": 0.395086782376502,
    "roc_auc": 0.7569564545158279,
    "gini": 0.5139129090316559,
    "confusion_matrix": {
      "tn": 18414,
      "fp": 10010,
      "fn": 1317,
      "tp": 3699
    }
  },
  "validation_insample": {
    "accuracy": 0.6502392344497607,
    "precision": 0.25726744186046513,
    "recall": 0.7057416267942583,
    "f1": 0.37707711972731145,
    "roc_auc": 0.7399261849837344,
    "gini": 0.47985236996746883,
    "confusion_matrix": {
      "tn": 4551,
      "fp": 2555,
      "fn": 369,
      "tp": 885
    }
  },
  "validation_outsample": {
    "accuracy": 0.37845801276804714,
    "precision": 0.024380804953560372,
    "recall": 0.8590909090909091,
    "f1": 0.04741595584545911,
    "roc_auc": 0.672094212671809,
    "gini": 0.34418842534361804,
    "confusion_matrix": {
      "tn": 4435,
      "fp": 7563,
      "fn": 31,
      "tp": 189
    }
  },
  "gaps_insample": {
    "accuracy": 0.011034688995215314,
    "precision": 0.0125553023221886,
    "recall": 0.03169856459330145,
    "f1": 0.018009662649190572,
    "roc_auc": 0.017030269532093523,
    "gini": 0.034060539064187045
  },
  "gaps_outsample": {
    "accuracy": 0.2828159106769289,
    "precision": 0.24544193922909335,
    "recall": -0.12165071770334934,
    "f1": 0.3476708265310429,
    "roc_auc": 0.08486224184401892,
    "gini": 0.16972448368803783
  },
  "overfitting_risk_insample": "MODERATE",
  "auc_gap_insample": 0.017030269532093523,
  "auc_gap_outsample": 0.08486224184401892
}