{
  "train": {
    "accuracy": 0.848444976076555,
    "precision": 0.47574626865671643,
    "recall": 0.10167464114832536,
    "f1": 0.16754270696452037,
    "roc_auc": 0.7443102421252835,
    "gini": 0.48862048425056703,
    "confusion_matrix": {
      "tn": 27862,
      "fp": 562,
      "fn": 4506,
      "tp": 510
    }
  },
  "validation_insample": {
    "accuracy": 0.8442583732057416,
    "precision": 0.4117647058823529,
    "recall": 0.08931419457735247,
    "f1": 0.14678899082568808,
    "roc_auc": 0.7281538929071777,
    "gini": 0.4563077858143554,
    "confusion_matrix": {
      "tn": 6946,
      "fp": 160,
      "fn": 1142,
      "tp": 112
    }
  },
  "validation_outsample": {
    "accuracy": 0.9201178588967097,
    "precision": 0.02392947103274559,
    "recall": 0.08636363636363636,
    "f1": 0.03747534516765286,
    "roc_auc": 0.6530406582915336,
    "gini": 0.30608131658306714,
    "confusion_matrix": {
      "tn": 11223,
      "fp": 775,
      "fn": 201,
      "tp": 19
    }
  }
}