{
  "train": {
    "accuracy": 0.6690191387559808,
    "precision": 0.26733815162232816,
    "recall": 0.6931818181818182,
    "f1": 0.38586172455887247,
    "roc_auc": 0.7485086914106774,
    "gini": 0.4970173828213549,
    "confusion_matrix": {
      "tn": 18895,
      "fp": 9529,
      "fn": 1539,
      "tp": 3477
    }
  },
  "validation_insample": {
    "accuracy": 0.6545454545454545,
    "precision": 0.2539156626506024,
    "recall": 0.6722488038277512,
    "f1": 0.3686051595977263,
    "roc_auc": 0.730458592172933,
    "gini": 0.4609171843458659,
    "confusion_matrix": {
      "tn": 4629,
      "fp": 2477,
      "fn": 411,
      "tp": 843
    }
  },
  "validation_outsample": {
    "accuracy": 0.37125552463578326,
    "precision": 0.022645854657113614,
    "recall": 0.8045454545454546,
    "f1": 0.04405176704828273,
    "roc_auc": 0.6577327281819697,
    "gini": 0.3154654563639394,
    "confusion_matrix": {
      "tn": 4359,
      "fp": 7639,
      "fn": 43,
      "tp": 177
    }
  }
}