{
  "accuracy": 0.993163292137786,
  "precision": 0.5617977528089888,
  "recall": 1.0,
  "f1": 0.7194244604316546,
  "roc_auc": 1.0,
  "gini": 1.0,
  "confusion_matrix": {
    "tn": 33693,
    "fp": 234,
    "fn": 0,
    "tp": 300
  }
}