{
  "train": {
    "accuracy": 1.0,
    "precision": 1.0,
    "recall": 1.0,
    "f1": 1.0,
    "roc_auc": 1.0,
    "gini": 1.0,
    "confusion_matrix": {
      "tn": 28424,
      "fp": 0,
      "fn": 0,
      "tp": 5016
    }
  },
  "validation_insample": {
    "accuracy": 0.995933014354067,
    "precision": 0.9911433172302737,
    "recall": 0.981658692185008,
    "f1": 0.9863782051282052,
    "roc_auc": 0.9997896963322771,
    "gini": 0.9995793926645542,
    "confusion_matrix": {
      "tn": 7095,
      "fp": 11,
      "fn": 23,
      "tp": 1231
    }
  },
  "validation_outsample": {
    "accuracy": 0.8486707566462167,
    "precision": 0.0,
    "recall": 0.0,
    "f1": 0.0,
    "roc_auc": 0.7098053510242766,
    "gini": 0.4196107020485531,
    "confusion_matrix": {
      "tn": 1245,
      "fp": 2,
      "fn": 220,
      "tp": 0
    }
  },
  "gaps_insample": {
    "accuracy": 0.004066985645932997,
    "precision": 0.008856682769726287,
    "recall": 0.01834130781499199,
    "f1": 0.013621794871794823,
    "roc_auc": 0.00021030366772289977,
    "gini": 0.00042060733544579954
  },
  "gaps_outsample": {
    "accuracy": 0.15132924335378328,
    "precision": 1.0,
    "recall": 1.0,
    "f1": 1.0,
    "roc_auc": 0.29019464897572345,
    "gini": 0.5803892979514469
  },
  "overfitting_risk_insample": "LOW",
  "auc_gap_insample": 0.00021030366772289977,
  "auc_gap_outsample": 0.29019464897572345
}