{
  "train": {
    "accuracy": 0.6512858851674641,
    "precision": 0.2573932092004381,
    "recall": 0.7027511961722488,
    "f1": 0.3767837101170434,
    "roc_auc": 0.7378030816445074,
    "gini": 0.4756061632890147,
    "confusion_matrix": {
      "tn": 18254,
      "fp": 10170,
      "fn": 1491,
      "tp": 3525
    }
  },
  "validation_insample": {
    "accuracy": 0.6325358851674641,
    "precision": 0.24494949494949494,
    "recall": 0.6961722488038278,
    "f1": 0.36239103362391034,
    "roc_auc": 0.7188686605339694,
    "gini": 0.4377373210679387,
    "confusion_matrix": {
      "tn": 4415,
      "fp": 2691,
      "fn": 381,
      "tp": 873
    }
  },
  "validation_outsample": {
    "accuracy": 0.49079754601226994,
    "precision": 0.19396051103368175,
    "recall": 0.759090909090909,
    "f1": 0.3089731729879741,
    "roc_auc": 0.6218342203105636,
    "gini": 0.24366844062112714,
    "confusion_matrix": {
      "tn": 553,
      "fp": 694,
      "fn": 53,
      "tp": 167
    }
  },
  "gaps_insample": {
    "accuracy": 0.018750000000000044,
    "precision": 0.012443714250943178,
    "recall": 0.006578947368421018,
    "f1": 0.014392676493133083,
    "roc_auc": 0.018934421110538002,
    "gini": 0.037868842221076005
  },
  "gaps_outsample": {
    "accuracy": 0.16048833915519417,
    "precision": 0.06343269816675637,
    "recall": -0.056339712918660245,
    "f1": 0.06781053712906931,
    "roc_auc": 0.1159688613339438,
    "gini": 0.2319377226678876
  },
  "overfitting_risk_insample": "MODERATE",
  "auc_gap_insample": 0.018934421110538002,
  "auc_gap_outsample": 0.1159688613339438
}