{
  "train": {
    "accuracy": 0.6775717703349282,
    "precision": 0.26969164403259305,
    "recall": 0.6730462519936204,
    "f1": 0.38508041519333863,
    "roc_auc": 0.7420691235274816,
    "gini": 0.4841382470549631,
    "confusion_matrix": {
      "tn": 19282,
      "fp": 9142,
      "fn": 1640,
      "tp": 3376
    }
  },
  "validation_insample": {
    "accuracy": 0.6808612440191387,
    "precision": 0.27178825048418337,
    "recall": 0.671451355661882,
    "f1": 0.3869485294117647,
    "roc_auc": 0.7468315294799956,
    "gini": 0.4936630589599913,
    "confusion_matrix": {
      "tn": 4850,
      "fp": 2256,
      "fn": 412,
      "tp": 842
    }
  },
  "validation_outsample": {
    "accuracy": 0.5637355146557601,
    "precision": 0.1798780487804878,
    "recall": 0.5363636363636364,
    "f1": 0.2694063926940639,
    "roc_auc": 0.5771269227965299,
    "gini": 0.15425384559305977,
    "confusion_matrix": {
      "tn": 709,
      "fp": 538,
      "fn": 102,
      "tp": 118
    }
  },
  "gaps_insample": {
    "accuracy": -0.003289473684210509,
    "precision": -0.0020966064515903216,
    "recall": 0.0015948963317384823,
    "f1": -0.0018681142184260868,
    "roc_auc": -0.004762405952514093,
    "gini": -0.009524811905028185
  },
  "gaps_outsample": {
    "accuracy": 0.11383625567916811,
    "precision": 0.08981359525210525,
    "recall": 0.13668261562998407,
    "f1": 0.11567402249927472,
    "roc_auc": 0.16494220073095167,
    "gini": 0.32988440146190334
  },
  "overfitting_risk_insample": "LOW",
  "auc_gap_insample": -0.004762405952514093,
  "auc_gap_outsample": 0.16494220073095167
}