{
  "train": {
    "accuracy": 0.6789174641148326,
    "precision": 0.2697416083071722,
    "recall": 0.6680622009569378,
    "f1": 0.3843110270084294,
    "roc_auc": 0.7501637807145477,
    "gini": 0.5003275614290954,
    "confusion_matrix": {
      "tn": 19352,
      "fp": 9072,
      "fn": 1665,
      "tp": 3351
    }
  },
  "validation_insample": {
    "accuracy": 0.683133971291866,
    "precision": 0.27449078564500484,
    "recall": 0.6770334928229665,
    "f1": 0.39061421670117324,
    "roc_auc": 0.7495034185007077,
    "gini": 0.49900683700141535,
    "confusion_matrix": {
      "tn": 4862,
      "fp": 2244,
      "fn": 405,
      "tp": 849
    }
  },
  "validation_outsample": {
    "accuracy": 0.5971370143149284,
    "precision": 0.18505942275042445,
    "recall": 0.4954545454545455,
    "f1": 0.2694684796044499,
    "roc_auc": 0.564350805569731,
    "gini": 0.1287016111394621,
    "confusion_matrix": {
      "tn": 767,
      "fp": 480,
      "fn": 111,
      "tp": 109
    }
  },
  "gaps_insample": {
    "accuracy": -0.0042165071770334794,
    "precision": -0.004749177337832644,
    "recall": -0.008971291866028741,
    "f1": -0.006303189692743849,
    "roc_auc": 0.0006603622138400267,
    "gini": 0.0013207244276800534
  },
  "gaps_outsample": {
    "accuracy": 0.08178044979990418,
    "precision": 0.08468218555674775,
    "recall": 0.17260765550239232,
    "f1": 0.11484254740397948,
    "roc_auc": 0.18581297514481665,
    "gini": 0.3716259502896333
  },
  "overfitting_risk_insample": "LOW",
  "auc_gap_insample": 0.0006603622138400267,
  "auc_gap_outsample": 0.18581297514481665
}