{
  "train": {
    "accuracy": 0.6696172248803828,
    "precision": 0.26821395634798645,
    "recall": 0.6957735247208932,
    "f1": 0.3871755047703572,
    "roc_auc": 0.7408626479139537,
    "gini": 0.48172529582790746,
    "confusion_matrix": {
      "tn": 18902,
      "fp": 9522,
      "fn": 1526,
      "tp": 3490
    }
  },
  "validation_insample": {
    "accuracy": 0.665311004784689,
    "precision": 0.26128633271490415,
    "recall": 0.6738437001594896,
    "f1": 0.37655971479500894,
    "roc_auc": 0.730356358106073,
    "gini": 0.46071271621214605,
    "confusion_matrix": {
      "tn": 4717,
      "fp": 2389,
      "fn": 409,
      "tp": 845
    }
  },
  "validation_outsample": {
    "accuracy": 0.5262440354464895,
    "precision": 0.18708827404479578,
    "recall": 0.6454545454545455,
    "f1": 0.2900919305413687,
    "roc_auc": 0.59237078078297,
    "gini": 0.18474156156594002,
    "confusion_matrix": {
      "tn": 630,
      "fp": 617,
      "fn": 78,
      "tp": 142
    }
  },
  "gaps_insample": {
    "accuracy": 0.0043062200956938135,
    "precision": 0.006927623633082303,
    "recall": 0.021929824561403577,
    "f1": 0.010615789975348289,
    "roc_auc": 0.010506289807880709,
    "gini": 0.021012579615761418
  },
  "gaps_outsample": {
    "accuracy": 0.14337318943389332,
    "precision": 0.08112568230319067,
    "recall": 0.05031897926634765,
    "f1": 0.0970835742289885,
    "roc_auc": 0.14849186713098372,
    "gini": 0.29698373426196745
  },
  "overfitting_risk_insample": "MODERATE",
  "auc_gap_insample": 0.010506289807880709,
  "auc_gap_outsample": 0.14849186713098372
}