{
  "train": {
    "accuracy": 0.9994617224880383,
    "precision": 0.9966216216216216,
    "recall": 0.9998006379585327,
    "f1": 0.9982085987261147,
    "roc_auc": 0.9999966263319046,
    "gini": 0.9999932526638091,
    "confusion_matrix": {
      "tn": 28407,
      "fp": 17,
      "fn": 1,
      "tp": 5015
    }
  },
  "validation_insample": {
    "accuracy": 0.9944976076555024,
    "precision": 0.9870967741935484,
    "recall": 0.9760765550239234,
    "f1": 0.9815557337610264,
    "roc_auc": 0.9998073151560938,
    "gini": 0.9996146303121876,
    "confusion_matrix": {
      "tn": 7090,
      "fp": 16,
      "fn": 30,
      "tp": 1224
    }
  },
  "validation_outsample": {
    "accuracy": 0.8425357873210634,
    "precision": 0.0,
    "recall": 0.0,
    "f1": 0.0,
    "roc_auc": 0.6776773346941751,
    "gini": 0.35535466938835025,
    "confusion_matrix": {
      "tn": 1236,
      "fp": 11,
      "fn": 220,
      "tp": 0
    }
  },
  "gaps_insample": {
    "accuracy": 0.004964114832535893,
    "precision": 0.009524847428073246,
    "recall": 0.02372408293460926,
    "f1": 0.01665286496508822,
    "roc_auc": 0.00018931117581078016,
    "gini": 0.0003786223516215603
  },
  "gaps_outsample": {
    "accuracy": 0.15692593516697495,
    "precision": 0.9966216216216216,
    "recall": 0.9998006379585327,
    "f1": 0.9982085987261147,
    "roc_auc": 0.32231929163772943,
    "gini": 0.6446385832754589
  },
  "overfitting_risk_insample": "LOW",
  "auc_gap_insample": 0.00018931117581078016,
  "auc_gap_outsample": 0.32231929163772943
}