{
  "train": {
    "accuracy": 0.9992822966507177,
    "precision": 0.9954346963080588,
    "recall": 0.9998006379585327,
    "f1": 0.9976128903918838,
    "roc_auc": 0.9999940732857782,
    "gini": 0.9999881465715563,
    "confusion_matrix": {
      "tn": 28401,
      "fp": 23,
      "fn": 1,
      "tp": 5015
    }
  },
  "validation_insample": {
    "accuracy": 0.994976076555024,
    "precision": 0.9894991922455574,
    "recall": 0.9768740031897927,
    "f1": 0.9831460674157303,
    "roc_auc": 0.999848051672307,
    "gini": 0.9996961033446139,
    "confusion_matrix": {
      "tn": 7093,
      "fp": 13,
      "fn": 29,
      "tp": 1225
    }
  },
  "validation_outsample": {
    "accuracy": 0.8438991138377642,
    "precision": 0.0,
    "recall": 0.0,
    "f1": 0.0,
    "roc_auc": 0.6811620616752934,
    "gini": 0.3623241233505867,
    "confusion_matrix": {
      "tn": 1238,
      "fp": 9,
      "fn": 220,
      "tp": 0
    }
  },
  "gaps_insample": {
    "accuracy": 0.0043062200956937025,
    "precision": 0.005935504062501429,
    "recall": 0.022926634768740017,
    "f1": 0.014466822976153537,
    "roc_auc": 0.00014602161347121445,
    "gini": 0.0002920432269424289
  },
  "gaps_outsample": {
    "accuracy": 0.1553831828129535,
    "precision": 0.9954346963080588,
    "recall": 0.9998006379585327,
    "f1": 0.9976128903918838,
    "roc_auc": 0.3188320116104848,
    "gini": 0.6376640232209696
  },
  "overfitting_risk_insample": "LOW",
  "auc_gap_insample": 0.00014602161347121445,
  "auc_gap_outsample": 0.3188320116104848
}