{
  "train": {
    "accuracy": 0.9988337320574162,
    "precision": 0.9924797150207797,
    "recall": 0.9998006379585327,
    "f1": 0.9961267255934055,
    "roc_auc": 0.9999908819781204,
    "gini": 0.9999817639562407,
    "confusion_matrix": {
      "tn": 28386,
      "fp": 38,
      "fn": 1,
      "tp": 5015
    }
  },
  "validation_insample": {
    "accuracy": 0.9925837320574162,
    "precision": 0.9752791068580542,
    "recall": 0.9752791068580542,
    "f1": 0.9752791068580542,
    "roc_auc": 0.9995101518091726,
    "gini": 0.9990203036183452,
    "confusion_matrix": {
      "tn": 7075,
      "fp": 31,
      "fn": 31,
      "tp": 1223
    }
  },
  "validation_outsample": {
    "accuracy": 0.852760736196319,
    "precision": 0.8333333333333334,
    "recall": 0.022727272727272728,
    "f1": 0.04424778761061947,
    "roc_auc": 0.6747576000583217,
    "gini": 0.3495152001166435,
    "confusion_matrix": {
      "tn": 1246,
      "fp": 1,
      "fn": 215,
      "tp": 5
    }
  },
  "gaps_insample": {
    "accuracy": 0.006249999999999978,
    "precision": 0.017200608162725506,
    "recall": 0.0245215311004785,
    "f1": 0.020847618735351348,
    "roc_auc": 0.000480730168947785,
    "gini": 0.00096146033789557
  },
  "gaps_outsample": {
    "accuracy": 0.14607299586109723,
    "precision": 0.15914638168744633,
    "recall": 0.97707336523126,
    "f1": 0.9518789379827861,
    "roc_auc": 0.3252332819197986,
    "gini": 0.6504665638395972
  },
  "overfitting_risk_insample": "LOW",
  "auc_gap_insample": 0.000480730168947785,
  "auc_gap_outsample": 0.3252332819197986
}