{
  "train": {
    "accuracy": 0.997488038277512,
    "precision": 0.9835294117647059,
    "recall": 1.0,
    "f1": 0.9916963226571768,
    "roc_auc": 0.9999862878978656,
    "gini": 0.9999725757957312,
    "confusion_matrix": {
      "tn": 28340,
      "fp": 84,
      "fn": 0,
      "tp": 5016
    }
  },
  "validation_insample": {
    "accuracy": 0.9889952153110048,
    "precision": 0.9640575079872205,
    "recall": 0.9625199362041468,
    "f1": 0.9632881085395052,
    "roc_auc": 0.9989968492605257,
    "gini": 0.9979936985210514,
    "confusion_matrix": {
      "tn": 7061,
      "fp": 45,
      "fn": 47,
      "tp": 1207
    }
  },
  "validation_outsample": {
    "accuracy": 0.8507157464212679,
    "precision": 0.6666666666666666,
    "recall": 0.00909090909090909,
    "f1": 0.017937219730941704,
    "roc_auc": 0.7263614492964934,
    "gini": 0.45272289859298676,
    "confusion_matrix": {
      "tn": 1246,
      "fp": 1,
      "fn": 218,
      "tp": 2
    }
  },
  "gaps_insample": {
    "accuracy": 0.008492822966507219,
    "precision": 0.019471903777485422,
    "recall": 0.037480063795853225,
    "f1": 0.028408214117671582,
    "roc_auc": 0.0009894386373399122,
    "gini": 0.0019788772746798244
  },
  "gaps_outsample": {
    "accuracy": 0.14677229185624407,
    "precision": 0.31686274509803924,
    "recall": 0.990909090909091,
    "f1": 0.973759102926235,
    "roc_auc": 0.2736248386013722,
    "gini": 0.5472496772027444
  },
  "overfitting_risk_insample": "LOW",
  "auc_gap_insample": 0.0009894386373399122,
  "auc_gap_outsample": 0.2736248386013722
}