{
  "algorithm": "gb",
  "n_features": 300,
  "timestamp": "2026-02-21T04:37:55.888194",
  "presets": [
    {
      "preset": "below_mid",
      "hyperparameters": {
        "n_estimators": 80,
        "max_depth": 4,
        "learning_rate": 0.075,
        "min_samples_leaf": 30,
        "subsample": 0.75,
        "max_features": 0.75
      },
      "train_metrics": {
        "accuracy": 0.9842272609558887,
        "precision": 0.9390563564875491,
        "recall": 0.11647565634398115,
        "f1": 0.20724564321353678,
        "roc_auc": 0.8789519212425724,
        "gini": 0.7579038424851448,
        "confusion_matrix": {
          "tn": 682664,
          "fp": 93,
          "fn": 10870,
          "tp": 1433
        }
      },
      "val_metrics": {
        "accuracy": 0.9833453227059534,
        "precision": 0.9146666666666666,
        "recall": 0.10702028081123245,
        "f1": 0.19162011173184357,
        "roc_auc": 0.8804975763054912,
        "gini": 0.7609951526109824,
        "confusion_matrix": {
          "tn": 170528,
          "fp": 32,
          "fn": 2862,
          "tp": 343
        }
      },
      "test_metrics": {
        "accuracy": 0.9756994432206477,
        "precision": 0.6028708133971292,
        "recall": 0.08725761772853186,
        "f1": 0.15245009074410162,
        "roc_auc": 0.783095492589021,
        "gini": 0.566190985178042,
        "confusion_matrix": {
          "tn": 56126,
          "fp": 83,
          "fn": 1318,
          "tp": 126
        }
      },
      "combined_score_test": 0.4006946274044658
    },
    {
      "preset": "below_strong",
      "hyperparameters": {
        "n_estimators": 40,
        "max_depth": 2,
        "learning_rate": 0.03,
        "min_samples_leaf": 60,
        "subsample": 0.6,
        "max_features": 0.6
      },
      "train_metrics": {
        "accuracy": 0.9823914482202976,
        "precision": 0.8809523809523809,
        "recall": 0.006014793139884581,
        "f1": 0.011948010010494874,
        "roc_auc": 0.8033204566793851,
        "gini": 0.6066409133587702,
        "confusion_matrix": {
          "tn": 682747,
          "fp": 10,
          "fn": 12229,
          "tp": 74
        }
      },
      "val_metrics": {
        "accuracy": 0.9815670589589388,
        "precision": 0.5625,
        "recall": 0.0028081123244929796,
        "f1": 0.005588326606643899,
        "roc_auc": 0.8084446792505847,
        "gini": 0.6168893585011694,
        "confusion_matrix": {
          "tn": 170553,
          "fp": 7,
          "fn": 3196,
          "tp": 9
        }
      },
      "test_metrics": {
        "accuracy": 0.974884221115987,
        "precision": 0.4473684210526316,
        "recall": 0.011772853185595568,
        "f1": 0.022941970310391364,
        "roc_auc": 0.7915874625316308,
        "gini": 0.5831749250632616,
        "confusion_matrix": {
          "tn": 56188,
          "fp": 21,
          "fn": 1427,
          "tp": 17
        }
      },
      "combined_score_test": 0.35908174316211355
    }
  ]
}