{
  "algorithm": "lgbm",
  "n_features": 759,
  "timestamp": "2026-02-20T10:18:13.117539",
  "presets": [
    {
      "preset": "below",
      "hyperparameters": {
        "n_estimators": 120,
        "max_depth": 6,
        "learning_rate": 0.05,
        "min_child_samples": 40,
        "subsample": 0.6,
        "colsample_bytree": 0.6,
        "reg_alpha": 0.5,
        "reg_lambda": 2.0
      },
      "train_metrics": {
        "accuracy": 0.781769919143671,
        "precision": 0.07078452385351613,
        "recall": 0.9341623994147769,
        "f1": 0.13159747865963622,
        "roc_auc": 0.9348097448672767,
        "gini": 0.8696194897345535,
        "confusion_matrix": {
          "tn": 531884,
          "fp": 150873,
          "fn": 810,
          "tp": 11493
        }
      },
      "val_metrics": {
        "accuracy": 0.7801628636376716,
        "precision": 0.0724287075727586,
        "recall": 0.924804992199688,
        "f1": 0.13433647570703408,
        "roc_auc": 0.9302905817452211,
        "gini": 0.8605811634904421,
        "confusion_matrix": {
          "tn": 132601,
          "fp": 37959,
          "fn": 241,
          "tp": 2964
        }
      },
      "test_metrics": {
        "accuracy": 0.5744714065183079,
        "precision": 0.04704359085023738,
        "recall": 0.8303324099722992,
        "f1": 0.08904236753184062,
        "roc_auc": 0.7885616805877195,
        "gini": 0.5771233611754389,
        "confusion_matrix": {
          "tn": 31921,
          "fp": 24288,
          "fn": 245,
          "tp": 1199
        }
      },
      "combined_score_test": 0.38189096371799963
    },
    {
      "preset": "standard",
      "hyperparameters": {
        "n_estimators": 200,
        "max_depth": 10,
        "learning_rate": 0.1,
        "min_child_samples": 20,
        "subsample": 0.8,
        "colsample_bytree": 0.8,
        "reg_alpha": 0.1,
        "reg_lambda": 1.0
      },
      "train_metrics": {
        "accuracy": 0.9466722297355624,
        "precision": 0.2491439917336953,
        "recall": 0.9995123140697391,
        "f1": 0.3988647421342848,
        "roc_auc": 0.9977213267166409,
        "gini": 0.9954426534332819,
        "confusion_matrix": {
          "tn": 645697,
          "fp": 37060,
          "fn": 6,
          "tp": 12297
        }
      },
      "val_metrics": {
        "accuracy": 0.945800362558628,
        "precision": 0.2535892757991592,
        "recall": 0.9975039001560062,
        "f1": 0.4043764229698963,
        "roc_auc": 0.9963894086251255,
        "gini": 0.992778817250251,
        "confusion_matrix": {
          "tn": 161150,
          "fp": 9410,
          "fn": 8,
          "tp": 3197
        }
      },
      "test_metrics": {
        "accuracy": 0.8538324111494632,
        "precision": 0.0852832878014016,
        "recall": 0.49722991689750695,
        "f1": 0.14559464665923147,
        "roc_auc": 0.7659641260710361,
        "gini": 0.5319282521420723,
        "confusion_matrix": {
          "tn": 48508,
          "fp": 7701,
          "fn": 726,
          "tp": 718
        }
      },
      "combined_score_test": 0.3773948099489359
    },
    {
      "preset": "above",
      "hyperparameters": {
        "n_estimators": 320,
        "max_depth": 14,
        "learning_rate": 0.15,
        "min_child_samples": 10,
        "subsample": 0.95,
        "colsample_bytree": 0.95,
        "reg_alpha": 0.02,
        "reg_lambda": 0.5
      },
      "train_metrics": {
        "accuracy": 0.9944983166920841,
        "precision": 0.7628821231475166,
        "recall": 1.0,
        "f1": 0.8654941962715441,
        "roc_auc": 0.9999841944473614,
        "gini": 0.9999683888947228,
        "confusion_matrix": {
          "tn": 678933,
          "fp": 3824,
          "fn": 0,
          "tp": 12303
        }
      },
      "val_metrics": {
        "accuracy": 0.9938192386268812,
        "precision": 0.7501760976755106,
        "recall": 0.9968798751950078,
        "f1": 0.8561093247588425,
        "roc_auc": 0.9996898936933087,
        "gini": 0.9993797873866175,
        "confusion_matrix": {
          "tn": 169496,
          "fp": 1064,
          "fn": 10,
          "tp": 3195
        }
      },
      "test_metrics": {
        "accuracy": 0.9499939291970929,
        "precision": 0.1436354631005448,
        "recall": 0.20083102493074792,
        "f1": 0.1674848397343344,
        "roc_auc": 0.6971011902599957,
        "gini": 0.39420238051999146,
        "confusion_matrix": {
          "tn": 54480,
          "fp": 1729,
          "fn": 1154,
          "tp": 290
        }
      },
      "combined_score_test": 0.3035153642057286
    }
  ]
}