{
  "accuracy": 0.9851920529801325,
  "precision": 0.3415783274440518,
  "recall": 1.0,
  "f1": 0.5092186128182616,
  "roc_auc": 0.9998228915440839,
  "gini": 0.9996457830881678,
  "confusion_matrix": {
    "tn": 36901,
    "fp": 559,
    "fn": 0,
    "tp": 290
  }
}