{
  "accuracy": 0.984599126480067,
  "precision": 0.2716184053946846,
  "recall": 1.0,
  "f1": 0.42720112298214147,
  "roc_auc": 0.9997848211151039,
  "gini": 0.9995696422302078,
  "confusion_matrix": {
    "tn": 466837,
    "fp": 7345,
    "fn": 0,
    "tp": 2739
  }
}