{
  "train": {
    "accuracy": 1.0,
    "precision": 1.0,
    "recall": 1.0,
    "f1": 1.0,
    "roc_auc": 1.0,
    "gini": 1.0,
    "confusion_matrix": {
      "tn": 45144,
      "fp": 0,
      "fn": 0,
      "tp": 5016
    }
  },
  "validation_insample": {
    "accuracy": 0.9937001594896332,
    "precision": 0.9819524200164069,
    "recall": 0.9545454545454546,
    "f1": 0.9680549939344926,
    "roc_auc": 0.9995555600776788,
    "gini": 0.9991111201553575,
    "confusion_matrix": {
      "tn": 11264,
      "fp": 22,
      "fn": 57,
      "tp": 1197
    }
  },
  "validation_outsample": {
    "accuracy": 0.9803568505483713,
    "precision": 0.08333333333333333,
    "recall": 0.00909090909090909,
    "f1": 0.01639344262295082,
    "roc_auc": 0.7163375714134175,
    "gini": 0.43267514282683495,
    "confusion_matrix": {
      "tn": 11976,
      "fp": 22,
      "fn": 218,
      "tp": 2
    }
  },
  "gaps_insample": {
    "accuracy": 0.006299840510366805,
    "precision": 0.018047579983593076,
    "recall": 0.045454545454545414,
    "f1": 0.03194500606550743,
    "roc_auc": 0.0004444399223212381,
    "gini": 0.0008888798446424762
  },
  "gaps_outsample": {
    "accuracy": 0.019643149451628705,
    "precision": 0.9166666666666666,
    "recall": 0.990909090909091,
    "f1": 0.9836065573770492,
    "roc_auc": 0.2836624285865825,
    "gini": 0.567324857173165
  },
  "overfitting_risk_insample": "LOW",
  "auc_gap_insample": 0.0004444399223212381,
  "auc_gap_outsample": 0.2836624285865825
}