{
  "trainval": {
    "accuracy": 0.9977799043062201,
    "precision": 0.9941634241245136,
    "recall": 0.9779904306220095,
    "f1": 0.9860106126386879,
    "roc_auc": 0.9997750135562318,
    "gini": 0.9995500271124635,
    "confusion_matrix": {
      "tn": 72069,
      "fp": 36,
      "fn": 138,
      "tp": 6132
    }
  },
  "test": {
    "accuracy": 0.9225454545454546,
    "precision": 0.5777777777777777,
    "recall": 0.11818181818181818,
    "f1": 0.19622641509433963,
    "roc_auc": 0.7401787639238231,
    "gini": 0.4803575278476462,
    "confusion_matrix": {
      "tn": 2511,
      "fp": 19,
      "fn": 194,
      "tp": 26
    }
  },
  "threshold": 0.5,
  "training_samples": 78375,
  "test_samples": 2750
}