{
  "model_name": "gb",
  "best_hyperparameters": {
    "n_estimators": 400,
    "max_depth": 7,
    "learning_rate": 0.014483716312765162,
    "min_samples_split": 20,
    "min_samples_leaf": 8,
    "subsample": 0.8,
    "max_features": 0.5
  },
  "optimization": {
    "n_trials": 25,
    "best_validation_roc_auc": 0.7951366881202404,
    "best_validation_gini": 0.5902733762404808,
    "tuning_time_seconds": 4726.801857
  },
  "train_metrics": {
    "accuracy": 0.9544590495449949,
    "precision": 0.957803883960681,
    "recall": 0.80788675429727,
    "f1": 0.8764809126810005,
    "roc_auc": 0.9911280403958201,
    "gini": 0.9822560807916403,
    "confusion_matrix": {
      "tn": 19604,
      "fp": 176,
      "fn": 950,
      "tp": 3995
    }
  },
  "val_metrics": {
    "accuracy": 0.8152147239263804,
    "precision": 0.6321022727272727,
    "recall": 0.18200408997955012,
    "f1": 0.28262940616068594,
    "roc_auc": 0.7951366881202404,
    "gini": 0.5902733762404808,
    "confusion_matrix": {
      "tn": 9521,
      "fp": 259,
      "fn": 2000,
      "tp": 445
    }
  },
  "test_metrics": {
    "accuracy": 0.9749094806739605,
    "precision": 0.047058823529411764,
    "recall": 0.1494949494949495,
    "f1": 0.07158403869407497,
    "roc_auc": 0.7919416709458547,
    "gini": 0.5838833418917093,
    "confusion_matrix": {
      "tn": 149019,
      "fp": 2997,
      "fn": 842,
      "tp": 148
    }
  },
  "trial_history": [
    {
      "trial": 0,
      "validation_roc_auc": 0.7774725975552126,
      "validation_gini": 0.5549451951104252,
      "params": {
        "n_estimators": 200,
        "max_depth": 5,
        "learning_rate": 0.15203377952868216,
        "min_samples_split": 10,
        "min_samples_leaf": 4,
        "subsample": 0.6,
        "max_features": "sqrt"
      }
    },
    {
      "trial": 1,
      "validation_roc_auc": 0.7924753158442797,
      "validation_gini": 0.5849506316885593,
      "params": {
        "n_estimators": 300,
        "max_depth": 13,
        "learning_rate": 0.019573773849021717,
        "min_samples_split": 10,
        "min_samples_leaf": 12,
        "subsample": 0.7,
        "max_features": 0.7
      }
    },
    {
      "trial": 2,
      "validation_roc_auc": 0.7790208722780516,
      "validation_gini": 0.5580417445561032,
      "params": {
        "n_estimators": 400,
        "max_depth": 15,
        "learning_rate": 0.11976054008132839,
        "min_samples_split": 10,
        "min_samples_leaf": 4,
        "subsample": 1.0,
        "max_features": "sqrt"
      }
    },
    {
      "trial": 3,
      "validation_roc_auc": 0.7852022616165037,
      "validation_gini": 0.5704045232330075,
      "params": {
        "n_estimators": 350,
        "max_depth": 11,
        "learning_rate": 0.017220545371452976,
        "min_samples_split": 5,
        "min_samples_leaf": 4,
        "subsample": 1.0,
        "max_features": 0.7
      }
    },
    {
      "trial": 4,
      "validation_roc_auc": 0.7828388347322067,
      "validation_gini": 0.5656776694644134,
      "params": {
        "n_estimators": 100,
        "max_depth": 5,
        "learning_rate": 0.17645417042648237,
        "min_samples_split": 25,
        "min_samples_leaf": 4,
        "subsample": 0.7,
        "max_features": 0.5
      }
    },
    {
      "trial": 5,
      "validation_roc_auc": 0.7777079804785026,
      "validation_gini": 0.5554159609570053,
      "params": {
        "n_estimators": 200,
        "max_depth": 13,
        "learning_rate": 0.08387241756472662,
        "min_samples_split": 5,
        "min_samples_leaf": 12,
        "subsample": 0.6,
        "max_features": 0.5
      }
    },
    {
      "trial": 6,
      "validation_roc_auc": 0.7934141710682039,
      "validation_gini": 0.5868283421364078,
      "params": {
        "n_estimators": 350,
        "max_depth": 5,
        "learning_rate": 0.018506894606115886,
        "min_samples_split": 10,
        "min_samples_leaf": 2,
        "subsample": 0.9,
        "max_features": "sqrt"
      }
    },
    {
      "trial": 7,
      "validation_roc_auc": 0.7693259479510374,
      "validation_gini": 0.5386518959020747,
      "params": {
        "n_estimators": 400,
        "max_depth": 7,
        "learning_rate": 0.12137617971835533,
        "min_samples_split": 25,
        "min_samples_leaf": 8,
        "subsample": 0.9,
        "max_features": "log2"
      }
    },
    {
      "trial": 8,
      "validation_roc_auc": 0.7912446418340505,
      "validation_gini": 0.582489283668101,
      "params": {
        "n_estimators": 350,
        "max_depth": 5,
        "learning_rate": 0.011716996600228973,
        "min_samples_split": 5,
        "min_samples_leaf": 4,
        "subsample": 0.9,
        "max_features": 0.7
      }
    },
    {
      "trial": 9,
      "validation_roc_auc": 0.7808495698830298,
      "validation_gini": 0.5616991397660596,
      "params": {
        "n_estimators": 200,
        "max_depth": 15,
        "learning_rate": 0.12412325743741365,
        "min_samples_split": 15,
        "min_samples_leaf": 2,
        "subsample": 0.8,
        "max_features": 0.7
      }
    },
    {
      "trial": 10,
      "validation_roc_auc": 0.7908433805479234,
      "validation_gini": 0.5816867610958467,
      "params": {
        "n_estimators": 300,
        "max_depth": 9,
        "learning_rate": 0.03793931727454802,
        "min_samples_split": 20,
        "min_samples_leaf": 8,
        "subsample": 0.9,
        "max_features": "sqrt"
      }
    },
    {
      "trial": 11,
      "validation_roc_auc": 0.7923676715972249,
      "validation_gini": 0.5847353431944498,
      "params": {
        "n_estimators": 300,
        "max_depth": 11,
        "learning_rate": 0.023374499651920688,
        "min_samples_split": 15,
        "min_samples_leaf": 12,
        "subsample": 0.7,
        "max_features": "log2"
      }
    },
    {
      "trial": 12,
      "validation_roc_auc": 0.7889232229707972,
      "validation_gini": 0.5778464459415944,
      "params": {
        "n_estimators": 300,
        "max_depth": 9,
        "learning_rate": 0.030771143563551182,
        "min_samples_split": 10,
        "min_samples_leaf": 14,
        "subsample": 0.8,
        "max_features": 0.7
      }
    },
    {
      "trial": 13,
      "validation_roc_auc": 0.7775749934133767,
      "validation_gini": 0.5551499868267533,
      "params": {
        "n_estimators": 250,
        "max_depth": 13,
        "learning_rate": 0.05795093262013772,
        "min_samples_split": 15,
        "min_samples_leaf": 10,
        "subsample": 0.8,
        "max_features": "sqrt"
      }
    },
    {
      "trial": 14,
      "validation_roc_auc": 0.792685000480928,
      "validation_gini": 0.5853700009618561,
      "params": {
        "n_estimators": 350,
        "max_depth": 13,
        "learning_rate": 0.011004126050075572,
        "min_samples_split": 20,
        "min_samples_leaf": 10,
        "subsample": 0.7,
        "max_features": 0.7
      }
    },
    {
      "trial": 15,
      "validation_roc_auc": 0.7922748733904592,
      "validation_gini": 0.5845497467809184,
      "params": {
        "n_estimators": 350,
        "max_depth": 7,
        "learning_rate": 0.010243766851536515,
        "min_samples_split": 30,
        "min_samples_leaf": 6,
        "subsample": 0.7,
        "max_features": "sqrt"
      }
    },
    {
      "trial": 16,
      "validation_roc_auc": 0.7951366881202404,
      "validation_gini": 0.5902733762404808,
      "params": {
        "n_estimators": 400,
        "max_depth": 7,
        "learning_rate": 0.014483716312765162,
        "min_samples_split": 20,
        "min_samples_leaf": 8,
        "subsample": 0.8,
        "max_features": 0.5
      }
    },
    {
      "trial": 17,
      "validation_roc_auc": 0.7949648086115397,
      "validation_gini": 0.5899296172230795,
      "params": {
        "n_estimators": 400,
        "max_depth": 7,
        "learning_rate": 0.01430663169987028,