{
  "model_name": "gb",
  "best_hyperparameters": {
    "n_estimators": 250,
    "max_depth": 7,
    "learning_rate": 0.017834913781663686,
    "min_samples_split": 20,
    "min_samples_leaf": 14,
    "subsample": 1.0,
    "max_features": "sqrt"
  },
  "optimization": {
    "n_trials": 25,
    "best_validation_roc_auc": 0.7977962621434336,
    "best_validation_gini": 0.5955925242868672,
    "tuning_time_seconds": 753.179793
  },
  "train_metrics": {
    "accuracy": 0.9087967644084934,
    "precision": 0.8668118308836872,
    "recall": 0.9660262891809909,
    "f1": 0.913733741392502,
    "roc_auc": 0.9715488370048287,
    "gini": 0.9430976740096575,
    "confusion_matrix": {
      "tn": 4211,
      "fp": 734,
      "fn": 168,
      "tp": 4777
    }
  },
  "val_metrics": {
    "accuracy": 0.7229038854805726,
    "precision": 0.7394551845342706,
    "recall": 0.6883435582822086,
    "f1": 0.7129845371743275,
    "roc_auc": 0.7977962621434336,
    "gini": 0.5955925242868672,
    "confusion_matrix": {
      "tn": 1852,
      "fp": 593,
      "fn": 762,
      "tp": 1683
    }
  },
  "test_metrics": {
    "accuracy": 0.7648000731997437,
    "precision": 0.018968029249250902,
    "recall": 0.696969696969697,
    "f1": 0.03693098188240961,
    "roc_auc": 0.7977461702595899,
    "gini": 0.5954923405191799,
    "confusion_matrix": {
      "tn": 116329,
      "fp": 35687,
      "fn": 300,
      "tp": 690
    }
  },
  "trial_history": [
    {
      "trial": 0,
      "validation_roc_auc": 0.7757558725498807,
      "validation_gini": 0.5515117450997613,
      "params": {
        "n_estimators": 300,
        "max_depth": 13,
        "learning_rate": 0.14939227557464918,
        "min_samples_split": 5,
        "min_samples_leaf": 2,
        "subsample": 0.9,
        "max_features": 0.7
      }
    },
    {
      "trial": 1,
      "validation_roc_auc": 0.7954590353837596,
      "validation_gini": 0.5909180707675192,
      "params": {
        "n_estimators": 200,
        "max_depth": 15,
        "learning_rate": 0.011388694157625561,
        "min_samples_split": 25,
        "min_samples_leaf": 4,
        "subsample": 0.8,
        "max_features": "sqrt"
      }
    },
    {
      "trial": 2,
      "validation_roc_auc": 0.7922949469097236,
      "validation_gini": 0.5845898938194471,
      "params": {
        "n_estimators": 350,
        "max_depth": 15,
        "learning_rate": 0.010682554492038511,
        "min_samples_split": 15,
        "min_samples_leaf": 10,
        "subsample": 0.9,
        "max_features": 0.5
      }
    },
    {
      "trial": 3,
      "validation_roc_auc": 0.7892569870483981,
      "validation_gini": 0.5785139740967962,
      "params": {
        "n_estimators": 200,
        "max_depth": 13,
        "learning_rate": 0.0505533878408185,
        "min_samples_split": 25,
        "min_samples_leaf": 4,
        "subsample": 0.9,
        "max_features": "sqrt"
      }
    },
    {
      "trial": 4,
      "validation_roc_auc": 0.7927780496066845,
      "validation_gini": 0.585556099213369,
      "params": {
        "n_estimators": 250,
        "max_depth": 11,
        "learning_rate": 0.04020294127984222,
        "min_samples_split": 30,
        "min_samples_leaf": 12,
        "subsample": 0.7,
        "max_features": "sqrt"
      }
    },
    {
      "trial": 5,
      "validation_roc_auc": 0.7844963846755408,
      "validation_gini": 0.5689927693510817,
      "params": {
        "n_estimators": 350,
        "max_depth": 9,
        "learning_rate": 0.04569831267576195,
        "min_samples_split": 30,
        "min_samples_leaf": 10,
        "subsample": 0.9,
        "max_features": 0.5
      }
    },
    {
      "trial": 6,
      "validation_roc_auc": 0.7839114088683136,
      "validation_gini": 0.5678228177366271,
      "params": {
        "n_estimators": 350,
        "max_depth": 5,
        "learning_rate": 0.09703211793447329,
        "min_samples_split": 10,
        "min_samples_leaf": 12,
        "subsample": 0.8,
        "max_features": "sqrt"
      }
    },
    {
      "trial": 7,
      "validation_roc_auc": 0.776563580781278,
      "validation_gini": 0.5531271615625559,
      "params": {
        "n_estimators": 300,
        "max_depth": 5,
        "learning_rate": 0.14711044759753764,
        "min_samples_split": 10,
        "min_samples_leaf": 2,
        "subsample": 0.8,
        "max_features": "sqrt"
      }
    },
    {
      "trial": 8,
      "validation_roc_auc": 0.7785800494310413,
      "validation_gini": 0.5571600988620826,
      "params": {
        "n_estimators": 200,
        "max_depth": 5,
        "learning_rate": 0.1502900728689935,
        "min_samples_split": 15,
        "min_samples_leaf": 6,
        "subsample": 0.8,
        "max_features": "log2"
      }
    },
    {
      "trial": 9,
      "validation_roc_auc": 0.7849992263331117,
      "validation_gini": 0.5699984526662234,
      "params": {
        "n_estimators": 100,
        "max_depth": 15,
        "learning_rate": 0.05817545182355051,
        "min_samples_split": 15,
        "min_samples_leaf": 4,
        "subsample": 0.9,
        "max_features": 0.5
      }
    },
    {
      "trial": 10,
      "validation_roc_auc": 0.7894657516487469,
      "validation_gini": 0.5789315032974938,
      "params": {
        "n_estimators": 100,
        "max_depth": 9,
        "learning_rate": 0.010061607994084135,
        "min_samples_split": 25,
        "min_samples_leaf": 8,
        "subsample": 0.6,
        "max_features": "log2"
      }
    },
    {
      "trial": 11,
      "validation_roc_auc": 0.7948446184149447,
      "validation_gini": 0.5896892368298894,
      "params": {
        "n_estimators": 200,
        "max_depth": 11,
        "learning_rate": 0.022002255330018445,
        "min_samples_split": 30,
        "min_samples_leaf": 14,
        "subsample": 0.6,
        "max_features": "sqrt"
      }
    },
    {
      "trial": 12,
      "validation_roc_auc": 0.7970711062600107,
      "validation_gini": 0.5941422125200213,
      "params": {
        "n_estimators": 200,
        "max_depth": 11,
        "learning_rate": 0.019214923710395668,
        "min_samples_split": 25,
        "min_samples_leaf": 14,
        "subsample": 0.6,
        "max_features": "sqrt"
      }
    },
    {
      "trial": 13,
      "validation_roc_auc": 0.7919404820153813,
      "validation_gini": 0.5838809640307625,
      "params": {
        "n_estimators": 150,
        "max_depth": 13,
        "learning_rate": 0.018863261508083377,
        "min_samples_split": 25,
        "min_samples_leaf": 6,
        "subsample": 0.7,
        "max_features": 0.7
      }
    },
    {
      "trial": 14,
      "validation_roc_auc": 0.7977962621434336,
      "validation_gini": 0.5955925242868672,
      "params": {
        "n_estimators": 250,
        "max_depth": 7,
        "learning_rate": 0.017834913781663686,
        "min_samples_split": 20,
        "min_samples_leaf": 14,
        "subsample": 1.0,
        "max_features": "sqrt"
      }
    },
    {
      "trial": 15,
      "validation_roc_auc": 0.7968071394816849,
      "validation_gini": 0.5936142789633698,
      "params": {
        "n_estimators": 250,
        "max_depth": 7,
        "learning_rate": 0.021003130563422106,
        "min_samples_split": 20,
        "min_samples_leaf": 14,
        "subsample": 1.0,
        "max_features": "sqrt"
      }
    },
    {
      "trial": 16,
      "validation_roc_auc": 0.7907273723345084,
      "validation_gini": 0.5814547446690168,
      "params": {
        "n_estimators": 400,
        "max_depth": 7,
        "learning_rate": 0.030995974316561016,
        "min_samples_split": 20,
        "min_samples_leaf": 14,
        "subsample": 1.0,
        "max_features": "sqrt"
      }
    },
    {
      "trial": 17,
      "validation_roc_auc": 0.7940292989741596,
      "validation_gini": 0.5880585979483193,
      "params": {
        "n_estimators": 250,
        "max_depth": 7,
        "learning_rate": 0.01462161743724415,