{
  "model_name": "lgbm",
  "best_hyperparameters": {
    "n_estimators": 100,
    "max_depth": 15,
    "learning_rate": 0.03944831742060431,
    "min_child_samples": 20,
    "subsample": 1.0,
    "colsample_bytree": 0.6,
    "reg_alpha": 0.6000000000000001,
    "reg_lambda": 1.0
  },
  "optimization": {
    "n_trials": 25,
    "best_validation_roc_auc": 0.7926295264740445,
    "best_validation_gini": 0.585259052948089,
    "tuning_time_seconds": 38.096772
  },
  "train_metrics": {
    "accuracy": 0.8492618806875631,
    "precision": 0.5725691134413727,
    "recall": 0.9716885743174924,
    "f1": 0.7205518482417336,
    "roc_auc": 0.95224717085105,
    "gini": 0.9044943417021001,
    "confusion_matrix": {
      "tn": 16193,
      "fp": 3587,
      "fn": 140,
      "tp": 4805
    }
  },
  "val_metrics": {
    "accuracy": 0.7445398773006136,
    "precision": 0.4131659836065574,
    "recall": 0.6597137014314929,
    "f1": 0.5081115136241928,
    "roc_auc": 0.7926295264740445,
    "gini": 0.585259052948089,
    "confusion_matrix": {
      "tn": 7489,
      "fp": 2291,
      "fn": 832,
      "tp": 1613
    }
  },
  "test_metrics": {
    "accuracy": 0.7622446178581233,
    "precision": 0.018556813234653895,
    "recall": 0.6888888888888889,
    "f1": 0.03614010916220656,
    "roc_auc": 0.794263186942576,
    "gini": 0.588526373885152,
    "confusion_matrix": {
      "tn": 115946,
      "fp": 36070,
      "fn": 308,
      "tp": 682
    }
  },
  "trial_history": [
    {
      "trial": 0,
      "validation_roc_auc": 0.7846486925029588,
      "validation_gini": 0.5692973850059175,
      "params": {
        "n_estimators": 300,
        "max_depth": 7,
        "learning_rate": 0.024132966493463068,
        "min_child_samples": 20,
        "subsample": 0.9,
        "colsample_bytree": 0.7,
        "reg_alpha": 1.0,
        "reg_lambda": 2.5
      }
    },
    {
      "trial": 1,
      "validation_roc_auc": 0.765986927120579,
      "validation_gini": 0.5319738542411581,
      "params": {
        "n_estimators": 300,
        "max_depth": 13,
        "learning_rate": 0.16534946166861117,
        "min_child_samples": 90,
        "subsample": 1.0,
        "colsample_bytree": 0.8,
        "reg_alpha": 0.0,
        "reg_lambda": 0.5
      }
    },
    {
      "trial": 2,
      "validation_roc_auc": 0.7886761723144351,
      "validation_gini": 0.5773523446288702,
      "params": {
        "n_estimators": 200,
        "max_depth": 15,
        "learning_rate": 0.02239056617637348,
        "min_child_samples": 20,
        "subsample": 0.9,
        "colsample_bytree": 0.8,
        "reg_alpha": 0.2,
        "reg_lambda": 1.5
      }
    },
    {
      "trial": 3,
      "validation_roc_auc": 0.7856283638827204,
      "validation_gini": 0.5712567277654408,
      "params": {
        "n_estimators": 200,
        "max_depth": 11,
        "learning_rate": 0.04867825309173169,
        "min_child_samples": 70,
        "subsample": 0.9,
        "colsample_bytree": 1.0,
        "reg_alpha": 0.5,
        "reg_lambda": 2.5
      }
    },
    {
      "trial": 4,
      "validation_roc_auc": 0.7899026016117364,
      "validation_gini": 0.5798052032234728,
      "params": {
        "n_estimators": 300,
        "max_depth": 9,
        "learning_rate": 0.01801400114515157,
        "min_child_samples": 90,
        "subsample": 0.8,
        "colsample_bytree": 0.6,
        "reg_alpha": 0.4,
        "reg_lambda": 3.0
      }
    },
    {
      "trial": 5,
      "validation_roc_auc": 0.7905901196465388,
      "validation_gini": 0.5811802392930776,
      "params": {
        "n_estimators": 350,
        "max_depth": 15,
        "learning_rate": 0.011824696077200752,
        "min_child_samples": 50,
        "subsample": 0.9,
        "colsample_bytree": 0.7,
        "reg_alpha": 0.5,
        "reg_lambda": 0.5
      }
    },
    {
      "trial": 6,
      "validation_roc_auc": 0.7749078500006272,
      "validation_gini": 0.5498157000012545,
      "params": {
        "n_estimators": 400,
        "max_depth": 9,
        "learning_rate": 0.06809183284043034,
        "min_child_samples": 10,
        "subsample": 0.7,
        "colsample_bytree": 1.0,
        "reg_alpha": 0.7000000000000001,
        "reg_lambda": 2.5
      }
    },
    {
      "trial": 7,
      "validation_roc_auc": 0.7908911387958397,
      "validation_gini": 0.5817822775916794,
      "params": {
        "n_estimators": 100,
        "max_depth": 13,
        "learning_rate": 0.010283691078030502,
        "min_child_samples": 10,
        "subsample": 0.8,
        "colsample_bytree": 0.6,
        "reg_alpha": 0.8,
        "reg_lambda": 2.0
      }
    },
    {
      "trial": 8,
      "validation_roc_auc": 0.7780633235893125,
      "validation_gini": 0.556126647178625,
      "params": {
        "n_estimators": 350,
        "max_depth": 5,
        "learning_rate": 0.0734141048876087,
        "min_child_samples": 100,
        "subsample": 0.9,
        "colsample_bytree": 0.8,
        "reg_alpha": 0.8,
        "reg_lambda": 1.0
      }
    },
    {
      "trial": 9,
      "validation_roc_auc": 0.784509348823399,
      "validation_gini": 0.5690186976467979,
      "params": {
        "n_estimators": 200,
        "max_depth": 7,
        "learning_rate": 0.03735668724371403,
        "min_child_samples": 40,
        "subsample": 0.7,
        "colsample_bytree": 0.9,
        "reg_alpha": 0.0,
        "reg_lambda": 2.5
      }
    },
    {
      "trial": 10,
      "validation_roc_auc": 0.7907282714608922,
      "validation_gini": 0.5814565429217844,
      "params": {
        "n_estimators": 100,
        "max_depth": 13,
        "learning_rate": 0.010238565936130166,
        "min_child_samples": 40,
        "subsample": 0.6,
        "colsample_bytree": 0.6,
        "reg_alpha": 1.0,
        "reg_lambda": 1.5
      }
    },
    {
      "trial": 11,
      "validation_roc_auc": 0.7897204971541604,
      "validation_gini": 0.5794409943083207,
      "params": {
        "n_estimators": 100,
        "max_depth": 13,
        "learning_rate": 0.01041399362311573,
        "min_child_samples": 40,
        "subsample": 0.6,
        "colsample_bytree": 0.6,
        "reg_alpha": 1.0,
        "reg_lambda": 1.5
      }
    },
    {
      "trial": 12,
      "validation_roc_auc": 0.7911945625854693,
      "validation_gini": 0.5823891251709385,
      "params": {
        "n_estimators": 100,
        "max_depth": 13,
        "learning_rate": 0.01479823546050205,
        "min_child_samples": 30,
        "subsample": 0.6,
        "colsample_bytree": 0.6,
        "reg_alpha": 0.8,
        "reg_lambda": 2.0
      }
    },
    {
      "trial": 13,
      "validation_roc_auc": 0.7900695463802845,
      "validation_gini": 0.580139092760569,
      "params": {
        "n_estimators": 150,
        "max_depth": 11,
        "learning_rate": 0.016387815171656533,
        "min_child_samples": 10,
        "subsample": 0.7,
        "colsample_bytree": 0.7,
        "reg_alpha": 0.7000000000000001,
        "reg_lambda": 2.0
      }
    },
    {
      "trial": 14,
      "validation_roc_auc": 0.7915918091677435,
      "validation_gini": 0.583183618335487,
      "params": {
        "n_estimators": 100,
        "max_depth": 13,
        "learning_rate": 0.030124221665131193,
        "min_child_samples": 30,
        "subsample": 0.8,
        "colsample_bytree": 0.6,
        "reg_alpha": 0.8,
        "reg_lambda": 2.0
      }
    },
    {
      "trial": 15,
      "validation_roc_auc": 0.787331957460867,
      "validation_gini": 0.5746639149217341,
      "params": {
        "n_estimators": 150,
        "max_depth": 15,
        "learning_rate": 0.029877598863162606,
        "min_child_samples": 60,
        "subsample": 0.6,
        "colsample_bytree": 0.7,
        "reg_alpha": 0.8,
        "reg_lambda": 2.0
      }
    },
    {
      "trial": 16,
      "validation_roc_auc": 0.7918907373254545,
      "validation_gini": 0.5837814746509089,
      "params": {
        "n_estimators": 150,