{
  "model_name": "lgbm",
  "best_hyperparameters": {
    "n_estimators": 200,
    "max_depth": 12,
    "learning_rate": 0.07500000000000001,
    "min_child_samples": 15,
    "subsample": 0.8999999999999999,
    "colsample_bytree": 0.8999999999999999,
    "reg_alpha": 0.1,
    "reg_lambda": 1.5
  },
  "optimization": {
    "n_trials": 10,
    "best_test_gini": 0.5945680890581428,
    "best_trial_number": 8,
    "tuning_time_seconds": 35.530972
  },
  "train_metrics": {
    "accuracy": 0.926875402446877,
    "precision": 0.8882787905410352,
    "recall": 0.9765775917578879,
    "f1": 0.9303377678947974,
    "roc_auc": 0.9825337731449713,
    "gini": 0.9650675462899425,
    "confusion_matrix": {
      "tn": 10898,
      "fp": 1526,
      "fn": 291,
      "tp": 12133
    }
  },
  "test_metrics": {
    "accuracy": 0.7821065840555272,
    "precision": 0.020115709835336004,
    "recall": 0.6848484848484848,
    "f1": 0.03908344141807177,
    "roc_auc": 0.7942296843553949,
    "gini": 0.5884593687107897,
    "confusion_matrix": {
      "tn": 118989,
      "fp": 33027,
      "fn": 312,
      "tp": 678
    }
  },
  "trial_history": [
    {
      "trial": 0,
      "test_gini": 0.587090786031029,
      "params": {
        "n_estimators": 300,
        "max_depth": 12,
        "learning_rate": 0.07500000000000001,
        "min_child_samples": 30,
        "subsample": 0.7999999999999999,
        "colsample_bytree": 0.8999999999999999,
        "reg_alpha": 0.0,
        "reg_lambda": 1.0
      }
    },
    {
      "trial": 1,
      "test_gini": 0.5726423733705861,
      "params": {
        "n_estimators": 150,
        "max_depth": 8,
        "learning_rate": 0.125,
        "min_child_samples": 15,
        "subsample": 0.7,
        "colsample_bytree": 0.8999999999999999,
        "reg_alpha": 0.1,
        "reg_lambda": 0.5
      }
    },
    {
      "trial": 2,
      "test_gini": 0.5892389982341042,
      "params": {
        "n_estimators": 300,
        "max_depth": 8,
        "learning_rate": 0.05,
        "min_child_samples": 15,
        "subsample": 0.8999999999999999,
        "colsample_bytree": 0.8999999999999999,
        "reg_alpha": 0.0,
        "reg_lambda": 1.5
      }
    },
    {
      "trial": 3,
      "test_gini": 0.5571808230712556,
      "params": {
        "n_estimators": 200,
        "max_depth": 8,
        "learning_rate": 0.125,
        "min_child_samples": 25,
        "subsample": 0.7999999999999999,
        "colsample_bytree": 0.8999999999999999,
        "reg_alpha": 0.2,
        "reg_lambda": 0.5
      }
    },
    {
      "trial": 4,
      "test_gini": 0.5932183906212956,
      "params": {
        "n_estimators": 150,
        "max_depth": 8,
        "learning_rate": 0.05,
        "min_child_samples": 25,
        "subsample": 0.8999999999999999,
        "colsample_bytree": 0.7999999999999999,
        "reg_alpha": 0.0,
        "reg_lambda": 1.5
      }
    },
    {
      "trial": 5,
      "test_gini": 0.5690841022582418,
      "params": {
        "n_estimators": 300,
        "max_depth": 10,
        "learning_rate": 0.1,
        "min_child_samples": 30,
        "subsample": 0.7999999999999999,
        "colsample_bytree": 0.8999999999999999,
        "reg_alpha": 0.1,
        "reg_lambda": 1.0
      }
    },
    {
      "trial": 6,
      "test_gini": 0.5940599687007961,
      "params": {
        "n_estimators": 250,
        "max_depth": 8,
        "learning_rate": 0.05,
        "min_child_samples": 15,
        "subsample": 0.7,
        "colsample_bytree": 0.7999999999999999,
        "reg_alpha": 0.1,
        "reg_lambda": 1.0
      }
    },
    {
      "trial": 7,
      "test_gini": 0.5846874106287587,
      "params": {
        "n_estimators": 150,
        "max_depth": 12,
        "learning_rate": 0.07500000000000001,
        "min_child_samples": 15,
        "subsample": 0.8999999999999999,
        "colsample_bytree": 0.8999999999999999,
        "reg_alpha": 0.2,
        "reg_lambda": 1.0
      }
    },
    {
      "trial": 8,
      "test_gini": 0.5945680890581428,
      "params": {
        "n_estimators": 200,
        "max_depth": 12,
        "learning_rate": 0.07500000000000001,
        "min_child_samples": 15,
        "subsample": 0.8999999999999999,
        "colsample_bytree": 0.8999999999999999,
        "reg_alpha": 0.1,
        "reg_lambda": 1.5
      }
    },
    {
      "trial": 9,
      "test_gini": 0.5677987976278946,
      "params": {
        "n_estimators": 300,
        "max_depth": 10,
        "learning_rate": 0.15,
        "min_child_samples": 20,
        "subsample": 0.7,
        "colsample_bytree": 0.7999999999999999,
        "reg_alpha": 0.2,
        "reg_lambda": 1.5
      }
    }
  ]
}