{
  "model_name": "lgbm",
  "best_hyperparameters": {
    "n_estimators": 150,
    "max_depth": 8,
    "learning_rate": 0.07500000000000001,
    "min_child_samples": 20,
    "subsample": 0.8999999999999999,
    "colsample_bytree": 0.7999999999999999,
    "reg_alpha": 0.0,
    "reg_lambda": 1.5
  },
  "optimization": {
    "n_trials": 10,
    "best_test_gini": 0.5993182735150686,
    "best_trial_number": 7,
    "tuning_time_seconds": 84.86156
  },
  "train_metrics": {
    "accuracy": 0.8185688989053445,
    "precision": 0.3500429846144725,
    "recall": 0.9504185447520928,
    "f1": 0.5116450375890981,
    "roc_auc": 0.9414374148345588,
    "gini": 0.8828748296691176,
    "confusion_matrix": {
      "tn": 89891,
      "fp": 21925,
      "fn": 616,
      "tp": 11808
    }
  },
  "test_metrics": {
    "accuracy": 0.7761917833287584,
    "precision": 0.019423088039771084,
    "recall": 0.6787878787878788,
    "f1": 0.03776553894571204,
    "roc_auc": 0.7985250821550947,
    "gini": 0.5970501643101893,
    "confusion_matrix": {
      "tn": 118090,
      "fp": 33926,
      "fn": 318,
      "tp": 672
    }
  },
  "trial_history": [
    {
      "trial": 0,
      "test_gini": 0.5397579627450169,
      "params": {
        "n_estimators": 300,
        "max_depth": 12,
        "learning_rate": 0.15,
        "min_child_samples": 15,
        "subsample": 0.7999999999999999,
        "colsample_bytree": 0.8999999999999999,
        "reg_alpha": 0.0,
        "reg_lambda": 1.5
      }
    },
    {
      "trial": 1,
      "test_gini": 0.571548117210416,
      "params": {
        "n_estimators": 150,
        "max_depth": 12,
        "learning_rate": 0.125,
        "min_child_samples": 20,
        "subsample": 0.8999999999999999,
        "colsample_bytree": 0.7,
        "reg_alpha": 0.1,
        "reg_lambda": 1.0
      }
    },
    {
      "trial": 2,
      "test_gini": 0.5747397602485222,
      "params": {
        "n_estimators": 300,
        "max_depth": 8,
        "learning_rate": 0.07500000000000001,
        "min_child_samples": 25,
        "subsample": 0.7,
        "colsample_bytree": 0.7999999999999999,
        "reg_alpha": 0.2,
        "reg_lambda": 0.5
      }
    },
    {
      "trial": 3,
      "test_gini": 0.5560332498227192,
      "params": {
        "n_estimators": 250,
        "max_depth": 8,
        "learning_rate": 0.125,
        "min_child_samples": 25,
        "subsample": 0.8999999999999999,
        "colsample_bytree": 0.7999999999999999,
        "reg_alpha": 0.1,
        "reg_lambda": 1.5
      }
    },
    {
      "trial": 4,
      "test_gini": 0.5564801924093052,
      "params": {
        "n_estimators": 150,
        "max_depth": 8,
        "learning_rate": 0.125,
        "min_child_samples": 15,
        "subsample": 0.8999999999999999,
        "colsample_bytree": 0.8999999999999999,
        "reg_alpha": 0.2,
        "reg_lambda": 1.0
      }
    },
    {
      "trial": 5,
      "test_gini": 0.5633164943296771,
      "params": {
        "n_estimators": 150,
        "max_depth": 8,
        "learning_rate": 0.125,
        "min_child_samples": 20,
        "subsample": 0.7999999999999999,
        "colsample_bytree": 0.7999999999999999,
        "reg_alpha": 0.0,
        "reg_lambda": 1.0
      }
    },
    {
      "trial": 6,
      "test_gini": 0.5833375925872768,
      "params": {
        "n_estimators": 250,
        "max_depth": 10,
        "learning_rate": 0.07500000000000001,
        "min_child_samples": 20,
        "subsample": 0.7999999999999999,
        "colsample_bytree": 0.7999999999999999,
        "reg_alpha": 0.0,
        "reg_lambda": 1.5
      }
    },
    {
      "trial": 7,
      "test_gini": 0.5993182735150686,
      "params": {
        "n_estimators": 150,
        "max_depth": 8,
        "learning_rate": 0.07500000000000001,
        "min_child_samples": 20,
        "subsample": 0.8999999999999999,
        "colsample_bytree": 0.7999999999999999,
        "reg_alpha": 0.0,
        "reg_lambda": 1.5
      }
    },
    {
      "trial": 8,
      "test_gini": 0.5755781488710916,
      "params": {
        "n_estimators": 200,
        "max_depth": 12,
        "learning_rate": 0.125,
        "min_child_samples": 20,
        "subsample": 0.7,
        "colsample_bytree": 0.8999999999999999,
        "reg_alpha": 0.2,
        "reg_lambda": 0.5
      }
    },
    {
      "trial": 9,
      "test_gini": 0.5702120537019495,
      "params": {
        "n_estimators": 250,
        "max_depth": 10,
        "learning_rate": 0.07500000000000001,
        "min_child_samples": 20,
        "subsample": 0.7,
        "colsample_bytree": 0.7,
        "reg_alpha": 0.2,
        "reg_lambda": 0.5
      }
    }
  ]
}