{
  "RF": {
    "train": {
      "accuracy": 0.8898100450740503,
      "precision": 0.8442564685811771,
      "recall": 0.9559723116548615,
      "f1": 0.8966480446927374,
      "roc_auc": 0.968921001051493,
      "gini": 0.9378420021029861,
      "confusion_matrix": {
        "tn": 10233,
        "fp": 2191,
        "fn": 547,
        "tp": 11877
      }
    },
    "test": {
      "accuracy": 0.7381048387096775,
      "precision": 0.016781083142639208,
      "recall": 0.6875,
      "f1": 0.03276247207743857,
      "roc_auc": 0.7936246956168831,
      "gini": 0.5872493912337662,
      "confusion_matrix": {
        "tn": 18195,
        "fp": 6445,
        "fn": 50,
        "tp": 110
      }
    }
  },
  "GB": {
    "train": {
      "accuracy": 0.9909047005795235,
      "precision": 0.9829743427304403,
      "recall": 0.9991146168705731,
      "f1": 0.9909787641705253,
      "roc_auc": 0.9998309878601499,
      "gini": 0.9996619757202998,
      "confusion_matrix": {
        "tn": 12209,
        "fp": 215,
        "fn": 11,
        "tp": 12413
      }
    },
    "test": {
      "accuracy": 0.8408467741935484,
      "precision": 0.02244640605296343,
      "recall": 0.55625,
      "f1": 0.04315151515151515,
      "roc_auc": 0.7818054991883117,
      "gini": 0.5636109983766233,
      "confusion_matrix": {
        "tn": 20764,
        "fp": 3876,
        "fn": 71,
        "tp": 89
      }
    }
  },
  "XGB": {
    "train": {
      "accuracy": 0.9616870573084353,
      "precision": 0.9288277511961722,
      "recall": 1.0,
      "f1": 0.9631007751937984,
      "roc_auc": 0.9999524734338415,
      "gini": 0.999904946867683,
      "confusion_matrix": {
        "tn": 11472,
        "fp": 952,
        "fn": 0,
        "tp": 12424
      }
    },
    "test": {
      "accuracy": 0.7159677419354838,
      "precision": 0.015893108298171588,
      "recall": 0.70625,
      "f1": 0.03108665749656121,
      "roc_auc": 0.7903228997564935,
      "gini": 0.580645799512987,
      "confusion_matrix": {
        "tn": 17643,
        "fp": 6997,
        "fn": 47,
        "tp": 113
      }
    }
  },
  "LGBM": {
    "train": {
      "accuracy": 0.950096587250483,
      "precision": 0.9163192376414533,
      "recall": 0.9906632324533161,
      "f1": 0.9520420792079208,
      "roc_auc": 0.9924436387790243,
      "gini": 0.9848872775580486,
      "confusion_matrix": {
        "tn": 11300,
        "fp": 1124,
        "fn": 116,
        "tp": 12308
      }
    },
    "test": {
      "accuracy": 0.800725806451613,
      "precision": 0.02026484751203852,
      "recall": 0.63125,
      "f1": 0.03926905132192846,
      "roc_auc": 0.8044797585227272,
      "gini": 0.6089595170454545,
      "confusion_matrix": {
        "tn": 19757,
        "fp": 4883,
        "fn": 59,
        "tp": 101
      }
    }
  }
}