{
  "RF": {
    "train": {
      "accuracy": 0.8647693533202984,
      "precision": 0.42380579483163666,
      "recall": 0.9797957853573757,
      "f1": 0.5916823369921721,
      "roc_auc": 0.9772719161899571,
      "gini": 0.9545438323799142,
      "confusion_matrix": {
        "tn": 105886,
        "fp": 18395,
        "fn": 279,
        "tp": 13530
      }
    },
    "test": {
      "accuracy": 0.8277016129032259,
      "precision": 0.022521476665892732,
      "recall": 0.60625,
      "f1": 0.04342959480635773,
      "roc_auc": 0.7942413250811688,
      "gini": 0.5884826501623377,
      "confusion_matrix": {
        "tn": 20430,
        "fp": 4210,
        "fn": 63,
        "tp": 97
      }
    }
  },
  "GB": {
    "train": {
      "accuracy": 0.9775508726193063,
      "precision": 0.9934568242558289,
      "recall": 0.7806503005286407,
      "f1": 0.8742903487429035,
      "roc_auc": 0.9979217709887084,
      "gini": 0.9958435419774168,
      "confusion_matrix": {
        "tn": 124210,
        "fp": 71,
        "fn": 3029,
        "tp": 10780
      }
    },
    "test": {
      "accuracy": 0.989516129032258,
      "precision": 0.05357142857142857,
      "recall": 0.0375,
      "f1": 0.04411764705882353,
      "roc_auc": 0.7689942674512986,
      "gini": 0.5379885349025972,
      "confusion_matrix": {
        "tn": 24534,
        "fp": 106,
        "fn": 154,
        "tp": 6
      }
    }
  },
  "XGB": {
    "train": {
      "accuracy": 0.9738503874284886,
      "precision": 0.7927095292766935,
      "recall": 1.0,
      "f1": 0.8843702968394761,
      "roc_auc": 0.9998388439042046,
      "gini": 0.9996776878084093,
      "confusion_matrix": {
        "tn": 120670,
        "fp": 3611,
        "fn": 0,
        "tp": 13809
      }
    },
    "test": {
      "accuracy": 0.9514112903225806,
      "precision": 0.03389830508474576,
      "recall": 0.2375,
      "f1": 0.05932864949258392,
      "roc_auc": 0.7982558847402597,
      "gini": 0.5965117694805193,
      "confusion_matrix": {
        "tn": 23557,
        "fp": 1083,
        "fn": 122,
        "tp": 38
      }
    }
  },
  "LGBM": {
    "train": {
      "accuracy": 0.8696067781881381,
      "precision": 0.4333619129275031,
      "recall": 0.9882685205300891,
      "f1": 0.6025165562913908,
      "roc_auc": 0.9750897786123862,
      "gini": 0.9501795572247724,
      "confusion_matrix": {
        "tn": 106437,
        "fp": 17844,
        "fn": 162,
        "tp": 13647
      }
    },
    "test": {
      "accuracy": 0.8318548387096775,
      "precision": 0.020564323290291727,
      "recall": 0.5375,
      "f1": 0.039613081529249194,
      "roc_auc": 0.8098896611201298,
      "gini": 0.6197793222402597,
      "confusion_matrix": {
        "tn": 20544,
        "fp": 4096,
        "fn": 74,
        "tp": 86
      }
    }
  }
}