{
  "RF": {
    "train": {
      "accuracy": 0.7939749438771816,
      "precision": 0.7552984089051004,
      "recall": 0.8697226446520385,
      "f1": 0.8084819925950858,
      "roc_auc": 0.8998246517051023,
      "gini": 0.7996493034102046,
      "confusion_matrix": {
        "tn": 9918,
        "fp": 3891,
        "fn": 1799,
        "tp": 12010
      }
    },
    "test": {
      "accuracy": 0.6648387096774193,
      "precision": 0.014415058375029783,
      "recall": 0.75625,
      "f1": 0.02829085807809212,
      "roc_auc": 0.7885498681006493,
      "gini": 0.5770997362012986,
      "confusion_matrix": {
        "tn": 16367,
        "fp": 8273,
        "fn": 39,
        "tp": 121
      }
    }
  },
  "GB": {
    "train": {
      "accuracy": 0.9258454631037729,
      "precision": 0.892582949462581,
      "recall": 0.9682091389673402,
      "f1": 0.928859246908434,
      "roc_auc": 0.9816232843136444,
      "gini": 0.9632465686272889,
      "confusion_matrix": {
        "tn": 12200,
        "fp": 1609,
        "fn": 439,
        "tp": 13370
      }
    },
    "test": {
      "accuracy": 0.769233870967742,
      "precision": 0.01684905332638527,
      "recall": 0.60625,
      "f1": 0.03278688524590164,
      "roc_auc": 0.7833860085227272,
      "gini": 0.5667720170454544,
      "confusion_matrix": {
        "tn": 18980,
        "fp": 5660,
        "fn": 63,
        "tp": 97
      }
    }
  },
  "XGB": {
    "train": {
      "accuracy": 0.895358099789992,
      "precision": 0.8269357446553686,
      "recall": 1.0,
      "f1": 0.9052707486560903,
      "roc_auc": 0.9990756232412381,
      "gini": 0.9981512464824762,
      "confusion_matrix": {
        "tn": 10919,
        "fp": 2890,
        "fn": 0,
        "tp": 13809
      }
    },
    "test": {
      "accuracy": 0.5990725806451613,
      "precision": 0.012847325963549447,
      "recall": 0.80625,
      "f1": 0.025291638074698558,
      "roc_auc": 0.7740810166396104,
      "gini": 0.5481620332792208,
      "confusion_matrix": {
        "tn": 14728,
        "fp": 9912,
        "fn": 31,
        "tp": 129
      }
    }
  },
  "LGBM": {
    "train": {
      "accuracy": 0.9145122746035195,
      "precision": 0.8745583038869258,
      "recall": 0.9678470562676516,
      "f1": 0.9188408786222543,
      "roc_auc": 0.9752452640282977,
      "gini": 0.9504905280565954,
      "confusion_matrix": {
        "tn": 11892,
        "fp": 1917,
        "fn": 444,
        "tp": 13365
      }
    },
    "test": {
      "accuracy": 0.7530645161290322,
      "precision": 0.017319520880543865,
      "recall": 0.66875,
      "f1": 0.03376459450930893,
      "roc_auc": 0.7920936485389611,
      "gini": 0.5841872970779223,
      "confusion_matrix": {
        "tn": 18569,
        "fp": 6071,
        "fn": 53,
        "tp": 107
      }
    }
  }
}