{
  "RF": {
    "train": {
      "accuracy": 0.7939749438771816,
      "precision": 0.7552984089051004,
      "recall": 0.8697226446520385,
      "f1": 0.8084819925950858,
      "roc_auc": 0.8998246517051023,
      "gini": 0.7996493034102046,
      "confusion_matrix": {
        "tn": 9918,
        "fp": 3891,
        "fn": 1799,
        "tp": 12010
      }
    },
    "test": {
      "accuracy": 0.6648387096774193,
      "precision": 0.014415058375029783,
      "recall": 0.75625,
      "f1": 0.02829085807809212,
      "roc_auc": 0.7885498681006493,
      "gini": 0.5770997362012986,
      "confusion_matrix": {
        "tn": 16367,
        "fp": 8273,
        "fn": 39,
        "tp": 121
      }
    }
  }
}