{
  "RF": {
    "train": {
      "accuracy": 0.8755883843869939,
      "precision": 0.8304555590952533,
      "recall": 0.9438771815482656,
      "f1": 0.8835412147505423,
      "roc_auc": 0.9618010224749758,
      "gini": 0.9236020449499516,
      "confusion_matrix": {
        "tn": 11148,
        "fp": 2661,
        "fn": 775,
        "tp": 13034
      }
    },
    "test": {
      "accuracy": 0.7243145161290323,
      "precision": 0.016509775524981896,
      "recall": 0.7125,
      "f1": 0.03227176220806794,
      "roc_auc": 0.7870660004058442,
      "gini": 0.5741320008116884,
      "confusion_matrix": {
        "tn": 17849,
        "fp": 6791,
        "fn": 46,
        "tp": 114
      }
    }
  },
  "GB": {
    "train": {
      "accuracy": 0.9863132739517706,
      "precision": 0.9753663198131238,
      "recall": 0.9978275038018684,
      "f1": 0.9864690721649485,
      "roc_auc": 0.9996143238458122,
      "gini": 0.9992286476916243,
      "confusion_matrix": {
        "tn": 13461,
        "fp": 348,
        "fn": 30,
        "tp": 13779
      }
    },
    "test": {
      "accuracy": 0.8338306451612904,
      "precision": 0.022195416164053076,
      "recall": 0.575,
      "f1": 0.042740998838559814,
      "roc_auc": 0.7856690087256495,
      "gini": 0.571338017451299,
      "confusion_matrix": {
        "tn": 20587,
        "fp": 4053,
        "fn": 68,
        "tp": 92
      }
    }
  },
  "XGB": {
    "train": {
      "accuracy": 0.9480049243247157,
      "precision": 0.9058051820268941,
      "recall": 1.0,
      "f1": 0.9505747917670545,
      "roc_auc": 0.9999890659362901,
      "gini": 0.9999781318725802,
      "confusion_matrix": {
        "tn": 12373,
        "fp": 1436,
        "fn": 0,
        "tp": 13809
      }
    },
    "test": {
      "accuracy": 0.6930645161290323,
      "precision": 0.014970059880239521,
      "recall": 0.71875,
      "f1": 0.02932925274164754,
      "roc_auc": 0.7952541599025973,
      "gini": 0.5905083198051946,
      "confusion_matrix": {
        "tn": 17073,
        "fp": 7567,
        "fn": 45,
        "tp": 115
      }
    }
  },
  "LGBM": {
    "train": {
      "accuracy": 0.9402563545513796,
      "precision": 0.9046256239600665,
      "recall": 0.9842856108335144,
      "f1": 0.9427758895748075,
      "roc_auc": 0.9880513810375363,
      "gini": 0.9761027620750726,
      "confusion_matrix": {
        "tn": 12376,
        "fp": 1433,
        "fn": 217,
        "tp": 13592
      }
    },
    "test": {
      "accuracy": 0.7911290322580645,
      "precision": 0.019709146574818218,
      "recall": 0.64375,
      "f1": 0.03824730783512811,
      "roc_auc": 0.7969480519480518,
      "gini": 0.5938961038961037,
      "confusion_matrix": {
        "tn": 19517,
        "fp": 5123,
        "fn": 57,
        "tp": 103
      }
    }
  }
}