{
  "RF": {
    "train": {
      "accuracy": 0.8743158403090792,
      "precision": 0.44244435626420403,
      "recall": 0.9872021893110109,
      "f1": 0.6110349981317723,
      "roc_auc": 0.9815544439936533,
      "gini": 0.9631088879873066,
      "confusion_matrix": {
        "tn": 96360,
        "fp": 15456,
        "fn": 159,
        "tp": 12265
      }
    },
    "test": {
      "accuracy": 0.843991935483871,
      "precision": 0.023876765083440308,
      "recall": 0.58125,
      "f1": 0.04586929716399507,
      "roc_auc": 0.791468648538961,
      "gini": 0.5829372970779221,
      "confusion_matrix": {
        "tn": 20838,
        "fp": 3802,
        "fn": 67,
        "tp": 93
      }
    }
  },
  "GB": {
    "train": {
      "accuracy": 0.9815840309079201,
      "precision": 0.9950185583121703,
      "recall": 0.8199452672247264,
      "f1": 0.8990380372429618,
      "roc_auc": 0.9985098466430062,
      "gini": 0.9970196932860125,
      "confusion_matrix": {
        "tn": 111765,
        "fp": 51,
        "fn": 2237,
        "tp": 10187
      }
    },
    "test": {
      "accuracy": 0.9908064516129033,
      "precision": 0.075,
      "recall": 0.0375,
      "f1": 0.05,
      "roc_auc": 0.7792954799107144,
      "gini": 0.5585909598214287,
      "confusion_matrix": {
        "tn": 24566,
        "fp": 74,
        "fn": 154,
        "tp": 6
      }
    }
  },
  "XGB": {
    "train": {
      "accuracy": 0.9811574372182872,
      "precision": 0.8414493735184558,
      "recall": 1.0,
      "f1": 0.9138990032733826,
      "roc_auc": 0.9999313148835813,
      "gini": 0.9998626297671627,
      "confusion_matrix": {
        "tn": 109475,
        "fp": 2341,
        "fn": 0,
        "tp": 12424
      }
    },
    "test": {
      "accuracy": 0.9608467741935484,
      "precision": 0.037628278221208664,
      "recall": 0.20625,
      "f1": 0.06364513018322084,
      "roc_auc": 0.7864947747564934,
      "gini": 0.5729895495129869,
      "confusion_matrix": {
        "tn": 23796,
        "fp": 844,
        "fn": 127,
        "tp": 33
      }
    }
  },
  "LGBM": {
    "train": {
      "accuracy": 0.8768029620090149,
      "precision": 0.447523670793882,
      "recall": 0.9891339343206696,
      "f1": 0.6162370875539064,
      "roc_auc": 0.9781847943286553,
      "gini": 0.9563695886573107,
      "confusion_matrix": {
        "tn": 96645,
        "fp": 15171,
        "fn": 135,
        "tp": 12289
      }
    },
    "test": {
      "accuracy": 0.8425403225806452,
      "precision": 0.021222193812324215,
      "recall": 0.51875,
      "f1": 0.04077622205846229,
      "roc_auc": 0.7903509283685065,
      "gini": 0.580701856737013,
      "confusion_matrix": {
        "tn": 20812,
        "fp": 3828,
        "fn": 77,
        "tp": 83
      }
    }
  }
}