{
  "RF": {
    "train": {
      "accuracy": 0.9130881094952952,
      "precision": 0.8746314972847168,
      "recall": 0.9644140290846878,
      "f1": 0.9173311635475997,
      "roc_auc": 0.9819109721410169,
      "gini": 0.9638219442820337,
      "confusion_matrix": {
        "tn": 5037,
        "fp": 808,
        "fn": 208,
        "tp": 5637
      }
    },
    "test": {
      "accuracy": 0.7963709677419355,
      "precision": 0.02021193092621664,
      "recall": 0.64375,
      "f1": 0.03919330289193303,
      "roc_auc": 0.7904443993506494,
      "gini": 0.5808887987012987,
      "confusion_matrix": {
        "tn": 19647,
        "fp": 4993,
        "fn": 57,
        "tp": 103
      }
    }
  },
  "GB": {
    "train": {
      "accuracy": 0.9999144568006844,
      "precision": 0.9998289428669176,
      "recall": 1.0,
      "f1": 0.9999144641176974,
      "roc_auc": 1.0,
      "gini": 1.0,
      "confusion_matrix": {
        "tn": 5844,
        "fp": 1,
        "fn": 0,
        "tp": 5845
      }
    },
    "test": {
      "accuracy": 0.8955645161290322,
      "precision": 0.027237354085603113,
      "recall": 0.4375,
      "f1": 0.05128205128205128,
      "roc_auc": 0.7844167258522727,
      "gini": 0.5688334517045455,
      "confusion_matrix": {
        "tn": 22140,
        "fp": 2500,
        "fn": 90,
        "tp": 70
      }
    }
  },
  "XGB": {
    "train": {
      "accuracy": 0.9899914456800685,
      "precision": 0.9803757128480376,
      "recall": 1.0,
      "f1": 0.9900906242059795,
      "roc_auc": 1.0,
      "gini": 1.0,
      "confusion_matrix": {
        "tn": 5728,
        "fp": 117,
        "fn": 0,
        "tp": 5845
      }
    },
    "test": {
      "accuracy": 0.7837096774193548,
      "precision": 0.017612161661104932,
      "recall": 0.59375,
      "f1": 0.03420957868203097,
      "roc_auc": 0.7870819805194804,
      "gini": 0.5741639610389608,
      "confusion_matrix": {
        "tn": 19341,
        "fp": 5299,
        "fn": 65,
        "tp": 95
      }
    }
  },
  "LGBM": {
    "train": {
      "accuracy": 0.9933276304533789,
      "precision": 0.9868309978051663,
      "recall": 1.0,
      "f1": 0.9933718558803535,
      "roc_auc": 0.9999564746835304,
      "gini": 0.9999129493670609,
      "confusion_matrix": {
        "tn": 5767,
        "fp": 78,
        "fn": 0,
        "tp": 5845
      }
    },
    "test": {
      "accuracy": 0.8649596774193549,
      "precision": 0.023318385650224215,
      "recall": 0.4875,
      "f1": 0.04450784593437946,
      "roc_auc": 0.773876065340909,
      "gini": 0.547752130681818,
      "confusion_matrix": {
        "tn": 21373,
        "fp": 3267,
        "fn": 82,
        "tp": 78
      }
    }
  }
}