{
  "8%": {
    "RF": {
      "train": {
        "accuracy": 0.9352871189639375,
        "precision": 0.552803252339983,
        "recall": 0.9996580612070439,
        "f1": 0.7119201266285158,
        "roc_auc": 0.9987084966605616,
        "gini": 0.9974169933211232,
        "confusion_matrix": {
          "tn": 62544,
          "fp": 4730,
          "fn": 2,
          "tp": 5847
        }
      },
      "test": {
        "accuracy": 0.8834232303827397,
        "precision": 0.03767885532591415,
        "recall": 0.47878787878787876,
        "f1": 0.06985998526160649,
        "roc_auc": 0.7954429362885581,
        "gini": 0.5908858725771162,
        "confusion_matrix": {
          "tn": 95176,
          "fp": 12106,
          "fn": 516,
          "tp": 474
        }
      }
    },
    "GB": {
      "train": {
        "accuracy": 0.9994393009039564,
        "precision": 0.9996558843771507,
        "recall": 0.9933321935373568,
        "f1": 0.9964840065174513,
        "roc_auc": 0.9999981295377738,
        "gini": 0.9999962590755476,
        "confusion_matrix": {
          "tn": 67272,
          "fp": 2,
          "fn": 39,
          "tp": 5810
        }
      },
      "test": {
        "accuracy": 0.987346682429437,
        "precision": 0.08874458874458875,
        "recall": 0.04141414141414142,
        "f1": 0.05647382920110193,
        "roc_auc": 0.7735833004265733,
        "gini": 0.5471666008531466,
        "confusion_matrix": {
          "tn": 106861,
          "fp": 421,
          "fn": 949,
          "tp": 41
        }
      }
    }
  },
  "6%": {
    "RF": {
      "train": {
        "accuracy": 0.9408813995081601,
        "precision": 0.5037054464180685,
        "recall": 0.9972054028877504,
        "f1": 0.6693239546697929,
        "roc_auc": 0.9982699064710981,
        "gini": 0.9965398129421963,
        "confusion_matrix": {
          "tn": 63055,
          "fp": 4219,
          "fn": 12,
          "tp": 4282
        }
      },
      "test": {
        "accuracy": 0.8923174966750407,
        "precision": 0.0373775041193305,
        "recall": 0.4353535353535353,
        "f1": 0.06884434150626947,
        "roc_auc": 0.7928671608235747,
        "gini": 0.5857343216471493,
        "confusion_matrix": {
          "tn": 96182,
          "fp": 11100,
          "fn": 559,
          "tp": 431
        }
      }
    },
    "GB": {
      "train": {
        "accuracy": 0.9985887547507266,
        "precision": 0.999761620977354,
        "recall": 0.9767116907312529,
        "f1": 0.9881022499705501,
        "roc_auc": 0.9999470046783906,
        "gini": 0.9998940093567812,
        "confusion_matrix": {
          "tn": 67273,
          "fp": 1,
          "fn": 100,
          "tp": 4194
        }
      },
      "test": {
        "accuracy": 0.9878916063248115,
        "precision": 0.10173697270471464,
        "recall": 0.04141414141414142,
        "f1": 0.05886575735821967,
        "roc_auc": 0.781165818246596,
        "gini": 0.5623316364931921,
        "confusion_matrix": {
          "tn": 106920,
          "fp": 362,
          "fn": 949,
          "tp": 41
        }
      }
    }
  },
  "4%": {
    "RF": {
      "train": {
        "accuracy": 0.9513820511722819,
        "precision": 0.4510058403634004,
        "recall": 0.9917945058865502,
        "f1": 0.6200512992082079,
        "roc_auc": 0.9977813800190362,
        "gini": 0.9955627600380723,
        "confusion_matrix": {
          "tn": 63890,
          "fp": 3384,
          "fn": 23,
          "tp": 2780
        }
      },
      "test": {
        "accuracy": 0.9088684054972661,
        "precision": 0.037993130009368166,
        "recall": 0.3686868686868687,
        "f1": 0.06888742096819854,
        "roc_auc": 0.7908558751701124,
        "gini": 0.5817117503402247,
        "confusion_matrix": {
          "tn": 98040,
          "fp": 9242,
          "fn": 625,
          "tp": 365
        }
      }
    },
    "GB": {
      "train": {
        "accuracy": 0.9979879275653923,
        "precision": 1.0,
        "recall": 0.949696753478416,
        "f1": 0.97419945105215,
        "roc_auc": 0.9999067715374798,
        "gini": 0.9998135430749595,
        "confusion_matrix": {
          "tn": 67274,
          "fp": 0,
          "fn": 141,
          "tp": 2662
        }
      },
      "test": {
        "accuracy": 0.988085562287572,
        "precision": 0.109375,
        "recall": 0.04242424242424243,
        "f1": 0.0611353711790393,
        "roc_auc": 0.7729277073789667,
        "gini": 0.5458554147579333,
        "confusion_matrix": {
          "tn": 106940,
          "fp": 342,
          "fn": 948,
          "tp": 42
        }
      }
    }
  },
  "2%": {
    "RF": {
      "train": {
        "accuracy": 0.9753809398945313,
        "precision": 0.4476973684210526,
        "recall": 0.9919825072886297,
        "f1": 0.6169537624660019,
        "roc_auc": 0.9983720138979957,
        "gini": 0.9967440277959914,
        "confusion_matrix": {
          "tn": 65595,
          "fp": 1679,
          "fn": 11,
          "tp": 1361
        }
      },
      "test": {
        "accuracy": 0.9493497857248412,
        "precision": 0.046427129592248685,
        "recall": 0.23232323232323232,
        "f1": 0.07738896366083446,
        "roc_auc": 0.788868914156008,
        "gini": 0.577737828312016,
        "confusion_matrix": {
          "tn": 102558,
          "fp": 4724,
          "fn": 760,
          "tp": 230
        }
      }
    },
    "GB": {
      "train": {
        "accuracy": 0.9991405180199866,
        "precision": 1.0,
        "recall": 0.956997084548105,
        "f1": 0.9780260707635009,
        "roc_auc": 0.9999981581784115,
        "gini": 0.9999963163568231,
        "confusion_matrix": {
          "tn": 67274,
          "fp": 0,
          "fn": 59,
          "tp": 1313
        }
      },
      "test": {
        "accuracy": 0.9886766661740801,
        "precision": 0.12658227848101267,
        "recall": 0.04040404040404041,
        "f1": 0.06125574272588055,
        "roc_auc": 0.7653818106871741,
        "gini": 0.5307636213743483,
        "confusion_matrix": {
          "tn": 107006,
          "fp": 276,
          "fn": 950,
          "tp": 40
        }
      }
    }
  }
}