{
  "RF": {
    "train": {
      "accuracy": 0.9317619872905835,
      "precision": 0.5396726422447389,
      "recall": 1.0,
      "f1": 0.7010225777057811,
      "roc_auc": 0.9993314825666141,
      "gini": 0.9986629651332282,
      "confusion_matrix": {
        "tn": 73720,
        "fp": 5906,
        "fn": 0,
        "tp": 6924
      }
    },
    "validation": {
      "accuracy": 0.8621102909248806,
      "precision": 0.22959597598572123,
      "recall": 0.30720798957881024,
      "f1": 0.26279134552883276,
      "roc_auc": 0.7496538152437074,
      "gini": 0.4993076304874149,
      "confusion_matrix": {
        "tn": 48221,
        "fp": 4748,
        "fn": 3191,
        "tp": 1415
      }
    },
    "test": {
      "accuracy": 0.8674487718075251,
      "precision": 0.04671564082447757,
      "recall": 0.3764367816091954,
      "f1": 0.08311655351817777,
      "roc_auc": 0.7604330149758922,
      "gini": 0.5208660299517844,
      "confusion_matrix": {
        "tn": 93916,
        "fp": 13366,
        "fn": 1085,
        "tp": 655
      }
    }
  },
  "GB": {
    "train": {
      "accuracy": 0.999526285384171,
      "precision": 1.0,
      "recall": 0.9940785673021375,
      "f1": 0.9970304917795321,
      "roc_auc": 0.999999707979112,
      "gini": 0.999999415958224,
      "confusion_matrix": {
        "tn": 79626,
        "fp": 0,
        "fn": 41,
        "tp": 6883
      }
    },
    "validation": {
      "accuracy": 0.9194442032132002,
      "precision": 0.4069767441860465,
      "recall": 0.015197568389057751,
      "f1": 0.029300962745918795,
      "roc_auc": 0.7253858131670703,
      "gini": 0.4507716263341406,
      "confusion_matrix": {
        "tn": 52867,
        "fp": 102,
        "fn": 4536,
        "tp": 70
      }
    },
    "test": {
      "accuracy": 0.982287978573132,
      "precision": 0.13409961685823754,
      "recall": 0.020114942528735632,
      "f1": 0.03498250874562719,
      "roc_auc": 0.7370623924442767,
      "gini": 0.4741247848885535,
      "confusion_matrix": {
        "tn": 107056,
        "fp": 226,
        "fn": 1705,
        "tp": 35
      }
    }
  },
  "LR": {
    "train": {
      "accuracy": 0.7463316002310802,
      "precision": 0.21878391019644527,
      "recall": 0.8444540727902946,
      "f1": 0.34752890130464503,
      "roc_auc": 0.8679733153996957,
      "gini": 0.7359466307993914,
      "confusion_matrix": {
        "tn": 58748,
        "fp": 20878,
        "fn": 1077,
        "tp": 5847
      }
    },
    "validation": {
      "accuracy": 0.6769952236213634,
      "precision": 0.14520464573718112,
      "recall": 0.621580547112462,
      "f1": 0.23541503926324878,
      "roc_auc": 0.7206480532075689,
      "gini": 0.4412961064151377,
      "confusion_matrix": {
        "tn": 36115,
        "fp": 16854,
        "fn": 1743,
        "tp": 2863
      }
    },
    "test": {
      "accuracy": 0.6128487828144779,
      "precision": 0.02946374587228501,
      "recall": 0.7281609195402299,
      "f1": 0.05663582316391757,
      "roc_auc": 0.7072742864599839,
      "gini": 0.41454857291996783,
      "confusion_matrix": {
        "tn": 65547,
        "fp": 41735,
        "fn": 473,
        "tp": 1267
      }
    }
  }
}