{
  "RF": {
    "train": {
      "accuracy": 0.9088291413703382,
      "precision": 0.46736927442237536,
      "recall": 1.0,
      "f1": 0.6370165745856353,
      "roc_auc": 0.9975629667671548,
      "gini": 0.9951259335343097,
      "confusion_matrix": {
        "tn": 119455,
        "fp": 13140,
        "fn": 0,
        "tp": 11530
      }
    },
    "test": {
      "accuracy": 0.8335932197171213,
      "precision": 0.043983540925266906,
      "recall": 0.45459770114942527,
      "f1": 0.08020685459338876,
      "roc_auc": 0.7648997582266267,
      "gini": 0.5297995164532534,
      "confusion_matrix": {
        "tn": 90089,
        "fp": 17193,
        "fn": 949,
        "tp": 791
      }
    }
  },
  "GB": {
    "train": {
      "accuracy": 0.9949973980919341,
      "precision": 1.0,
      "recall": 0.937467476149176,
      "f1": 0.9677246071892206,
      "roc_auc": 0.9999652555645272,
      "gini": 0.9999305111290544,
      "confusion_matrix": {
        "tn": 132595,
        "fp": 0,
        "fn": 721,
        "tp": 10809
      }
    },
    "test": {
      "accuracy": 0.9818752178459393,
      "precision": 0.17403314917127072,
      "recall": 0.03620689655172414,
      "f1": 0.05994291151284491,
      "roc_auc": 0.7323328066303717,
      "gini": 0.4646656132607434,
      "confusion_matrix": {
        "tn": 106983,
        "fp": 299,
        "fn": 1677,
        "tp": 63
      }
    }
  }
}