{
  "RF": {
    "train": {
      "accuracy": 0.8744908933217693,
      "precision": 0.3882052156127493,
      "recall": 0.9876843018213356,
      "f1": 0.5573473632693013,
      "roc_auc": 0.9888872423761236,
      "gini": 0.9777744847522472,
      "confusion_matrix": {
        "tn": 114648,
        "fp": 17947,
        "fn": 142,
        "tp": 11388
      }
    },
    "test": {
      "accuracy": 0.7960136486213791,
      "precision": 0.04101921096233935,
      "recall": 0.5264367816091954,
      "f1": 0.07610817996759586,
      "roc_auc": 0.7609799728591549,
      "gini": 0.5219599457183097,
      "confusion_matrix": {
        "tn": 85867,
        "fp": 21415,
        "fn": 824,
        "tp": 916
      }
    }
  },
  "GB": {
    "train": {
      "accuracy": 0.9794206418039896,
      "precision": 0.99732868757259,
      "recall": 0.7447528187337381,
      "f1": 0.8527308838133069,
      "roc_auc": 0.9984031534509596,
      "gini": 0.9968063069019193,
      "confusion_matrix": {
        "tn": 132572,
        "fp": 23,
        "fn": 2943,
        "tp": 8587
      }
    },
    "test": {
      "accuracy": 0.9820678395186293,
      "precision": 0.07509881422924901,
      "recall": 0.010919540229885057,
      "f1": 0.019066733567486203,
      "roc_auc": 0.7296067545262064,
      "gini": 0.45921350905241276,
      "confusion_matrix": {
        "tn": 107048,
        "fp": 234,
        "fn": 1721,
        "tp": 19
      }
    }
  }
}