{
  "RF": {
    "train": {
      "accuracy": 0.853690596562184,
      "precision": 0.8099964551577454,
      "recall": 0.9241658240647118,
      "f1": 0.863322943232266,
      "roc_auc": 0.9488739327751884,
      "gini": 0.8977478655503768,
      "confusion_matrix": {
        "tn": 3873,
        "fp": 1072,
        "fn": 375,
        "tp": 4570
      }
    },
    "val": {
      "accuracy": 0.7290388548057259,
      "precision": 0.7119606358819076,
      "recall": 0.7693251533742331,
      "f1": 0.7395321407509338,
      "roc_auc": 0.794217990055244,
      "gini": 0.5884359801104879,
      "confusion_matrix": {
        "tn": 1684,
        "fp": 761,
        "fn": 564,
        "tp": 1881
      }
    },
    "test": {
      "accuracy": 0.7140046795550501,
      "precision": 0.016395667020963837,
      "recall": 0.7323232323232324,
      "f1": 0.03207325974916499,
      "roc_auc": 0.7954590837859704,
      "gini": 0.5909181675719408,
      "confusion_matrix": {
        "tn": 108522,
        "fp": 43494,
        "fn": 265,
        "tp": 725
      }
    }
  },
  "GB": {
    "train": {
      "accuracy": 0.9948432760364004,
      "precision": 0.9897918334667735,
      "recall": 1.0,
      "f1": 0.9948697314153506,
      "roc_auc": 0.9999809839477938,
      "gini": 0.9999619678955876,
      "confusion_matrix": {
        "tn": 4894,
        "fp": 51,
        "fn": 0,
        "tp": 4945
      }
    },
    "val": {
      "accuracy": 0.661963190184049,
      "precision": 0.7601839684625493,
      "recall": 0.4732106339468303,
      "f1": 0.5833123266952357,
      "roc_auc": 0.7720673633850644,
      "gini": 0.5441347267701289,
      "confusion_matrix": {
        "tn": 2080,
        "fp": 365,
        "fn": 1288,
        "tp": 1157
      }
    },
    "test": {
      "accuracy": 0.8572016783655543,
      "precision": 0.02103329506314581,
      "recall": 0.4626262626262626,
      "f1": 0.040237206237645505,
      "roc_auc": 0.7613877699210823,
      "gini": 0.5227755398421645,
      "confusion_matrix": {
        "tn": 130699,
        "fp": 21317,
        "fn": 532,
        "tp": 458
      }
    }
  },
  "XGB": {
    "train": {
      "accuracy": 0.9845298281092012,
      "precision": 0.9699882306786975,
      "recall": 1.0,
      "f1": 0.9847655083142487,
      "roc_auc": 0.999998282421091,
      "gini": 0.999996564842182,
      "confusion_matrix": {
        "tn": 4792,
        "fp": 153,
        "fn": 0,
        "tp": 4945
      }
    },
    "val": {
      "accuracy": 0.7028629856850716,
      "precision": 0.7156521739130435,
      "recall": 0.6732106339468302,
      "f1": 0.6937829293993678,
      "roc_auc": 0.7798331388711154,
      "gini": 0.5596662777422308,
      "confusion_matrix": {
        "tn": 1791,
        "fp": 654,
        "fn": 799,
        "tp": 1646
      }
    },
    "test": {
      "accuracy": 0.7259649948368038,
      "precision": 0.015388621889722768,
      "recall": 0.6565656565656566,
      "f1": 0.030072405098429296,
      "roc_auc": 0.7546591354285939,
      "gini": 0.5093182708571877,
      "confusion_matrix": {
        "tn": 110427,
        "fp": 41589,
        "fn": 340,
        "tp": 650
      }
    }
  },
  "LGBM": {
    "train": {
      "accuracy": 0.9911021233569262,
      "precision": 0.9825153983707531,
      "recall": 1.0,
      "f1": 0.991180597314091,
      "roc_auc": 0.9999403141329141,
      "gini": 0.9998806282658281,
      "confusion_matrix": {
        "tn": 4857,
        "fp": 88,
        "fn": 0,
        "tp": 4945
      }
    },
    "val": {
      "accuracy": 0.6773006134969325,
      "precision": 0.7603603603603604,
      "recall": 0.5177914110429448,
      "f1": 0.6160583941605839,
      "roc_auc": 0.7804218784632049,
      "gini": 0.5608437569264098,
      "confusion_matrix": {
        "tn": 2046,
        "fp": 399,
        "fn": 1179,
        "tp": 1266
      }
    },
    "test": {
      "accuracy": 0.8322549442505522,
      "precision": 0.019810072390441347,
      "recall": 0.5141414141414141,
      "f1": 0.0381502023684605,
      "roc_auc": 0.7620005177551752,
      "gini": 0.5240010355103504,
      "confusion_matrix": {
        "tn": 126831,
        "fp": 25185,
        "fn": 481,
        "tp": 509
      }
    }
  }
}