{
  "RF": {
    "train": {
      "accuracy": 0.8380182002022245,
      "precision": 0.6135978076471356,
      "recall": 0.9508594539939332,
      "f1": 0.7458756345177665,
      "roc_auc": 0.9552362948960303,
      "gini": 0.9104725897920607,
      "confusion_matrix": {
        "tn": 11874,
        "fp": 2961,
        "fn": 243,
        "tp": 4702
      }
    },
    "val": {
      "accuracy": 0.7248466257668712,
      "precision": 0.4666304937601736,
      "recall": 0.7034764826175869,
      "f1": 0.5610830207144022,
      "roc_auc": 0.7851041104712677,
      "gini": 0.5702082209425354,
      "confusion_matrix": {
        "tn": 5369,
        "fp": 1966,
        "fn": 725,
        "tp": 1720
      }
    },
    "test": {
      "accuracy": 0.7657019986144334,
      "precision": 0.018428977979167243,
      "recall": 0.6737373737373737,
      "f1": 0.03587661027889089,
      "roc_auc": 0.7925527011244962,
      "gini": 0.5851054022489923,
      "confusion_matrix": {
        "tn": 116490,
        "fp": 35526,
        "fn": 323,
        "tp": 667
      }
    }
  },
  "GB": {
    "train": {
      "accuracy": 0.9862487360970678,
      "precision": 0.9748018695387116,
      "recall": 0.9700707785642063,
      "f1": 0.9724305696330833,
      "roc_auc": 0.9988770101040669,
      "gini": 0.9977540202081339,
      "confusion_matrix": {
        "tn": 14711,
        "fp": 124,
        "fn": 148,
        "tp": 4797
      }
    },
    "val": {
      "accuracy": 0.7776073619631901,
      "precision": 0.6700251889168766,
      "recall": 0.21758691206543967,
      "f1": 0.32849644952145723,
      "roc_auc": 0.7753629612901697,
      "gini": 0.5507259225803394,
      "confusion_matrix": {
        "tn": 7073,
        "fp": 262,
        "fn": 1913,
        "tp": 532
      }
    },
    "test": {
      "accuracy": 0.9643935531939924,
      "precision": 0.030934343434343436,
      "recall": 0.1484848484848485,
      "f1": 0.051201671891327065,
      "roc_auc": 0.769548586857949,
      "gini": 0.539097173715898,
      "confusion_matrix": {
        "tn": 147411,
        "fp": 4605,
        "fn": 843,
        "tp": 147
      }
    }
  },
  "XGB": {
    "train": {
      "accuracy": 0.9849342770475228,
      "precision": 0.9431623116536334,
      "recall": 1.0,
      "f1": 0.9707499018453082,
      "roc_auc": 0.9999932932633079,
      "gini": 0.9999865865266158,
      "confusion_matrix": {
        "tn": 14537,
        "fp": 298,
        "fn": 0,
        "tp": 4945
      }
    },
    "val": {
      "accuracy": 0.7659509202453988,
      "precision": 0.5455607476635514,
      "recall": 0.3820040899795501,
      "f1": 0.4493625210488333,
      "roc_auc": 0.7645406858173616,
      "gini": 0.5290813716347231,
      "confusion_matrix": {
        "tn": 6557,
        "fp": 778,
        "fn": 1511,
        "tp": 934
      }
    },
    "test": {
      "accuracy": 0.9022521992601598,
      "precision": 0.022758337889557136,
      "recall": 0.33636363636363636,
      "f1": 0.04263218537959288,
      "roc_auc": 0.7527897847541831,
      "gini": 0.5055795695083662,
      "confusion_matrix": {
        "tn": 137717,
        "fp": 14299,
        "fn": 657,
        "tp": 333
      }
    }
  },
  "LGBM": {
    "train": {
      "accuracy": 0.9561172901921132,
      "precision": 0.8506795114398762,
      "recall": 1.0,
      "f1": 0.9193158579661647,
      "roc_auc": 0.9984220289037178,
      "gini": 0.9968440578074356,
      "confusion_matrix": {
        "tn": 13967,
        "fp": 868,
        "fn": 0,
        "tp": 4945
      }
    },
    "val": {
      "accuracy": 0.7709611451942741,
      "precision": 0.5542615140285866,
      "recall": 0.42822085889570555,
      "f1": 0.4831564374711583,
      "roc_auc": 0.7690690208443982,
      "gini": 0.5381380416887964,
      "confusion_matrix": {
        "tn": 6493,
        "fp": 842,
        "fn": 1398,
        "tp": 1047
      }
    },
    "test": {
      "accuracy": 0.892167627413304,
      "precision": 0.022888082200209194,
      "recall": 0.37575757575757573,
      "f1": 0.04314794409325524,
      "roc_auc": 0.7670707542480908,
      "gini": 0.5341415084961816,
      "confusion_matrix": {
        "tn": 136135,
        "fp": 15881,
        "fn": 618,
        "tp": 372
      }
    }
  }
}