{
  "RF": {
    "train": {
      "accuracy": 0.9285020930655827,
      "precision": 0.6777960978290739,
      "recall": 0.9975733063700708,
      "f1": 0.8071668166571219,
      "roc_auc": 0.9959230129620033,
      "gini": 0.9918460259240065,
      "confusion_matrix": {
        "tn": 25676,
        "fp": 2345,
        "fn": 12,
        "tp": 4933
      }
    },
    "val": {
      "accuracy": 0.8173619631901841,
      "precision": 0.40431654676258993,
      "recall": 0.4597137014314928,
      "f1": 0.43023923444976075,
      "roc_auc": 0.795486144474727,
      "gini": 0.590972288949454,
      "confusion_matrix": {
        "tn": 12199,
        "fp": 1656,
        "fn": 1321,
        "tp": 1124
      }
    },
    "test": {
      "accuracy": 0.8888017463367449,
      "precision": 0.029536112742219612,
      "recall": 0.5080808080808081,
      "f1": 0.055826859045504995,
      "roc_auc": 0.7918640475377924,
      "gini": 0.5837280950755848,
      "confusion_matrix": {
        "tn": 135489,
        "fp": 16527,
        "fn": 487,
        "tp": 503
      }
    }
  },
  "GB": {
    "train": {
      "accuracy": 0.9994539828914639,
      "precision": 0.99878517918607,
      "recall": 0.9975733063700708,
      "f1": 0.9981788749494132,
      "roc_auc": 0.9999970338582911,
      "gini": 0.9999940677165822,
      "confusion_matrix": {
        "tn": 28015,
        "fp": 6,
        "fn": 12,
        "tp": 4933
      }
    },
    "val": {
      "accuracy": 0.8509815950920245,
      "precision": 0.5370370370370371,
      "recall": 0.047443762781186095,
      "f1": 0.08718526869597895,
      "roc_auc": 0.7823510371441286,
      "gini": 0.5647020742882571,
      "confusion_matrix": {
        "tn": 13755,
        "fp": 100,
        "fn": 2329,
        "tp": 116
      }
    },
    "test": {
      "accuracy": 0.9892095734807785,
      "precision": 0.042876901798063624,
      "recall": 0.031313131313131314,
      "f1": 0.03619381202568593,
      "roc_auc": 0.7544307071876538,
      "gini": 0.5088614143753076,
      "confusion_matrix": {
        "tn": 151324,
        "fp": 692,
        "fn": 959,
        "tp": 31
      }
    }
  },
  "XGB": {
    "train": {
      "accuracy": 0.9968452344840139,
      "precision": 0.9794018617548029,
      "recall": 1.0,
      "f1": 0.9895937562537522,
      "roc_auc": 0.9999999566986613,
      "gini": 0.9999999133973225,
      "confusion_matrix": {
        "tn": 27917,
        "fp": 104,
        "fn": 0,
        "tp": 4945
      }
    },
    "val": {
      "accuracy": 0.8504294478527608,
      "precision": 0.5041617122473246,
      "recall": 0.17341513292433539,
      "f1": 0.25806451612903225,
      "roc_auc": 0.7734948366037673,
      "gini": 0.5469896732075346,
      "confusion_matrix": {
        "tn": 13438,
        "fp": 417,
        "fn": 2021,
        "tp": 424
      }
    },
    "test": {
      "accuracy": 0.9693606786661961,
      "precision": 0.029276985743380855,
      "recall": 0.11616161616161616,
      "f1": 0.04676697844652298,
      "roc_auc": 0.7477038335411796,
      "gini": 0.4954076670823593,
      "confusion_matrix": {
        "tn": 148203,
        "fp": 3813,
        "fn": 875,
        "tp": 115
      }
    }
  },
  "LGBM": {
    "train": {
      "accuracy": 0.9678456591639871,
      "precision": 0.8234804329725229,
      "recall": 1.0,
      "f1": 0.9031963470319635,
      "roc_auc": 0.9993195627618446,
      "gini": 0.9986391255236893,
      "confusion_matrix": {
        "tn": 26961,
        "fp": 1060,
        "fn": 0,
        "tp": 4945
      }
    },
    "val": {
      "accuracy": 0.8371779141104294,
      "precision": 0.4400458978772232,
      "recall": 0.3137014314928425,
      "f1": 0.36628462273161416,
      "roc_auc": 0.7760803058850096,
      "gini": 0.5521606117700193,
      "confusion_matrix": {
        "tn": 12879,
        "fp": 976,
        "fn": 1678,
        "tp": 767
      }
    },
    "test": {
      "accuracy": 0.9338130530828856,
      "precision": 0.028485911858808957,
      "recall": 0.2787878787878788,
      "f1": 0.05169023316789961,
      "roc_auc": 0.7715396651495483,
      "gini": 0.5430793302990966,
      "confusion_matrix": {
        "tn": 142603,
        "fp": 9413,
        "fn": 714,
        "tp": 276
      }
    }
  }
}