{
  "RF": {
    "train": {
      "accuracy": 0.8371622714771073,
      "precision": 0.734185303514377,
      "recall": 0.9294236602628918,
      "f1": 0.8203480589022758,
      "roc_auc": 0.9471415447228397,
      "gini": 0.8942830894456795,
      "confusion_matrix": {
        "tn": 5753,
        "fp": 1664,
        "fn": 349,
        "tp": 4596
      }
    },
    "val": {
      "accuracy": 0.7198952879581152,
      "precision": 0.6268605053651782,
      "recall": 0.7406952965235174,
      "f1": 0.6790401199850019,
      "roc_auc": 0.7919843315972948,
      "gini": 0.5839686631945895,
      "confusion_matrix": {
        "tn": 2589,
        "fp": 1078,
        "fn": 634,
        "tp": 1811
      }
    },
    "test": {
      "accuracy": 0.7393958406859862,
      "precision": 0.017663987297806886,
      "recall": 0.7191919191919192,
      "f1": 0.03448108867257494,
      "roc_auc": 0.792195731124528,
      "gini": 0.584391462249056,
      "confusion_matrix": {
        "tn": 112420,
        "fp": 39596,
        "fn": 278,
        "tp": 712
      }
    }
  },
  "GB": {
    "train": {
      "accuracy": 0.9925578385374535,
      "precision": 0.9821180210609974,
      "recall": 0.9995955510616784,
      "f1": 0.9907797153738224,
      "roc_auc": 0.9998232546688237,
      "gini": 0.9996465093376474,
      "confusion_matrix": {
        "tn": 7327,
        "fp": 90,
        "fn": 2,
        "tp": 4943
      }
    },
    "val": {
      "accuracy": 0.7076243455497382,
      "precision": 0.7404970760233918,
      "recall": 0.4143149284253579,
      "f1": 0.5313401521111986,
      "roc_auc": 0.7853450578670205,
      "gini": 0.5706901157340409,
      "confusion_matrix": {
        "tn": 3312,
        "fp": 355,
        "fn": 1432,
        "tp": 1013
      }
    },
    "test": {
      "accuracy": 0.9111995608015372,
      "precision": 0.022660098522167486,
      "recall": 0.302020202020202,
      "f1": 0.04215720831864646,
      "roc_auc": 0.7626324322320139,
      "gini": 0.5252648644640279,
      "confusion_matrix": {
        "tn": 139120,
        "fp": 12896,
        "fn": 691,
        "tp": 299
      }
    }
  },
  "XGB": {
    "train": {
      "accuracy": 0.979210483740495,
      "precision": 0.9505959246443676,
      "recall": 1.0,
      "f1": 0.9746723169409678,
      "roc_auc": 0.9999906753716526,
      "gini": 0.9999813507433053,
      "confusion_matrix": {
        "tn": 7160,
        "fp": 257,
        "fn": 0,
        "tp": 4945
      }
    },
    "val": {
      "accuracy": 0.6881544502617801,
      "precision": 0.6342800199302442,
      "recall": 0.5206543967280164,
      "f1": 0.5718778077268644,
      "roc_auc": 0.7686693290013235,
      "gini": 0.5373386580026469,
      "confusion_matrix": {
        "tn": 2933,
        "fp": 734,
        "fn": 1172,
        "tp": 1273
      }
    },
    "test": {
      "accuracy": 0.8209743408755212,
      "precision": 0.018352305896088734,
      "recall": 0.5080808080808081,
      "f1": 0.03542502993168533,
      "roc_auc": 0.7456956218856281,
      "gini": 0.4913912437712562,
      "confusion_matrix": {
        "tn": 125111,
        "fp": 26905,
        "fn": 487,
        "tp": 503
      }
    }
  },
  "LGBM": {
    "train": {
      "accuracy": 0.9769454780779809,
      "precision": 0.9455066921606119,
      "recall": 1.0,
      "f1": 0.971990171990172,
      "roc_auc": 0.9994856186011613,
      "gini": 0.9989712372023225,
      "confusion_matrix": {
        "tn": 7132,
        "fp": 285,
        "fn": 0,
        "tp": 4945
      }
    },
    "val": {
      "accuracy": 0.7009162303664922,
      "precision": 0.6820058997050148,
      "recall": 0.47280163599182007,
      "f1": 0.5584541062801932,
      "roc_auc": 0.773511554722019,
      "gini": 0.5470231094440381,
      "confusion_matrix": {
        "tn": 3128,
        "fp": 539,
        "fn": 1289,
        "tp": 1156
      }
    },
    "test": {
      "accuracy": 0.8632145144634851,
      "precision": 0.019842989934017244,
      "recall": 0.4161616161616162,
      "f1": 0.03787983266675861,
      "roc_auc": 0.7602332297025619,
      "gini": 0.5204664594051238,
      "confusion_matrix": {
        "tn": 131665,
        "fp": 20351,
        "fn": 578,
        "tp": 412
      }
    }
  }
}