{
  "RF": {
    "train": {
      "accuracy": 0.9356825075834176,
      "precision": 0.43735622013802866,
      "recall": 0.9995955510616784,
      "f1": 0.6084815658275374,
      "roc_auc": 0.9983569915658373,
      "gini": 0.9967139831316747,
      "confusion_matrix": {
        "tn": 87596,
        "fp": 6359,
        "fn": 2,
        "tp": 4943
      }
    },
    "val": {
      "accuracy": 0.8877505112474438,
      "precision": 0.1863149216817807,
      "recall": 0.36973415132924337,
      "f1": 0.2477730574208579,
      "roc_auc": 0.7933168475154286,
      "gini": 0.5866336950308573,
      "confusion_matrix": {
        "tn": 42507,
        "fp": 3948,
        "fn": 1541,
        "tp": 904
      }
    },
    "test": {
      "accuracy": 0.9213298824882684,
      "precision": 0.03305435793389128,
      "recall": 0.39494949494949494,
      "f1": 0.061003198377408537,
      "roc_auc": 0.7974605477467018,
      "gini": 0.5949210954934037,
      "confusion_matrix": {
        "tn": 140578,
        "fp": 11438,
        "fn": 599,
        "tp": 391
      }
    }
  },
  "GB": {
    "train": {
      "accuracy": 0.9982507583417594,
      "precision": 0.9985374007521939,
      "recall": 0.9664307381193125,
      "f1": 0.9822217654917275,
      "roc_auc": 0.9999865176512711,
      "gini": 0.9999730353025422,
      "confusion_matrix": {
        "tn": 93948,
        "fp": 7,
        "fn": 166,
        "tp": 4779
      }
    },
    "val": {
      "accuracy": 0.9492229038854806,
      "precision": 0.24324324324324326,
      "recall": 0.007361963190184049,
      "f1": 0.014291385470424772,
      "roc_auc": 0.7645970119950284,
      "gini": 0.5291940239900568,
      "confusion_matrix": {
        "tn": 46399,
        "fp": 56,
        "fn": 2427,
        "tp": 18
      }
    },
    "test": {
      "accuracy": 0.9927388468426075,
      "precision": 0.016,
      "recall": 0.00202020202020202,
      "f1": 0.003587443946188341,
      "roc_auc": 0.7333859693397506,
      "gini": 0.4667719386795013,
      "confusion_matrix": {
        "tn": 151893,
        "fp": 123,
        "fn": 988,
        "tp": 2
      }
    }
  },
  "XGB": {
    "train": {
      "accuracy": 0.9983923154701719,
      "precision": 0.9688479623824452,
      "recall": 1.0,
      "f1": 0.9841775301024978,
      "roc_auc": 0.9999980628809297,
      "gini": 0.9999961257618595,
      "confusion_matrix": {
        "tn": 93796,
        "fp": 159,
        "fn": 0,
        "tp": 4945
      }
    },
    "val": {
      "accuracy": 0.9468916155419222,
      "precision": 0.27245508982035926,
      "recall": 0.03721881390593047,
      "f1": 0.0654911838790932,
      "roc_auc": 0.7640322901926552,
      "gini": 0.5280645803853103,
      "confusion_matrix": {
        "tn": 46212,
        "fp": 243,
        "fn": 2354,
        "tp": 91
      }
    },
    "test": {
      "accuracy": 0.9907585323451368,
      "precision": 0.03508771929824561,
      "recall": 0.01616161616161616,
      "f1": 0.022130013831258646,
      "roc_auc": 0.7530193259826983,
      "gini": 0.5060386519653965,
      "confusion_matrix": {
        "tn": 151576,
        "fp": 440,
        "fn": 974,
        "tp": 16
      }
    }
  },
  "LGBM": {
    "train": {
      "accuracy": 0.9540950455005056,
      "precision": 0.5213494992092778,
      "recall": 1.0,
      "f1": 0.6853776853776854,
      "roc_auc": 0.9986485990136083,
      "gini": 0.9972971980272165,
      "confusion_matrix": {
        "tn": 89415,
        "fp": 4540,
        "fn": 0,
        "tp": 4945
      }
    },
    "val": {
      "accuracy": 0.903517382413088,
      "precision": 0.1863096881037814,
      "recall": 0.27607361963190186,
      "f1": 0.22247857613711272,
      "roc_auc": 0.7551333953587471,
      "gini": 0.5102667907174943,
      "confusion_matrix": {
        "tn": 43507,
        "fp": 2948,
        "fn": 1770,
        "tp": 675
      }
    },
    "test": {
      "accuracy": 0.9366756859208135,
      "precision": 0.028918011480558864,
      "recall": 0.2696969696969697,
      "f1": 0.052235156020737555,
      "roc_auc": 0.7638755695838503,
      "gini": 0.5277511391677006,
      "confusion_matrix": {
        "tn": 143050,
        "fp": 8966,
        "fn": 723,
        "tp": 267
      }
    }
  }
}