{
  "RF": {
    "train": {
      "accuracy": 0.9255409504550051,
      "precision": 0.7298578199052133,
      "recall": 0.9965621840242669,
      "f1": 0.8426092160383004,
      "roc_auc": 0.9947468053543478,
      "gini": 0.9894936107086956,
      "confusion_matrix": {
        "tn": 17956,
        "fp": 1824,
        "fn": 17,
        "tp": 4928
      }
    },
    "val": {
      "accuracy": 0.7874028629856851,
      "precision": 0.46975648075412413,
      "recall": 0.48916155419222906,
      "f1": 0.4792626728110599,
      "roc_auc": 0.7899912178353219,
      "gini": 0.5799824356706438,
      "confusion_matrix": {
        "tn": 8430,
        "fp": 1350,
        "fn": 1249,
        "tp": 1196
      }
    },
    "test": {
      "accuracy": 0.8762858972850738,
      "precision": 0.028144563101688672,
      "recall": 0.5404040404040404,
      "f1": 0.053502675133756686,
      "roc_auc": 0.7943984431729143,
      "gini": 0.5887968863458286,
      "confusion_matrix": {
        "tn": 133542,
        "fp": 18474,
        "fn": 455,
        "tp": 535
      }
    }
  },
  "GB": {
    "train": {
      "accuracy": 0.9995955510616784,
      "precision": 0.9985855728429985,
      "recall": 0.9993933265925177,
      "f1": 0.998989286436224,
      "roc_auc": 0.999999447921065,
      "gini": 0.99999889584213,
      "confusion_matrix": {
        "tn": 19773,
        "fp": 7,
        "fn": 3,
        "tp": 4942
      }
    },
    "val": {
      "accuracy": 0.8076891615541922,
      "precision": 0.6577181208053692,
      "recall": 0.0801635991820041,
      "f1": 0.14290922347794385,
      "roc_auc": 0.7863589563442775,
      "gini": 0.5727179126885551,
      "confusion_matrix": {
        "tn": 9678,
        "fp": 102,
        "fn": 2249,
        "tp": 196
      }
    },
    "test": {
      "accuracy": 0.9851378377318537,
      "precision": 0.04011461318051576,
      "recall": 0.05656565656565657,
      "f1": 0.04694048616932104,
      "roc_auc": 0.7462279821156519,
      "gini": 0.4924559642313038,
      "confusion_matrix": {
        "tn": 150676,
        "fp": 1340,
        "fn": 934,
        "tp": 56
      }
    }
  },
  "XGB": {
    "train": {
      "accuracy": 0.995793731041456,
      "precision": 0.9794018617548029,
      "recall": 1.0,
      "f1": 0.9895937562537522,
      "roc_auc": 0.9999998057500044,
      "gini": 0.9999996115000087,
      "confusion_matrix": {
        "tn": 19676,
        "fp": 104,
        "fn": 0,
        "tp": 4945
      }
    },
    "val": {
      "accuracy": 0.805316973415133,
      "precision": 0.5293586269196026,
      "recall": 0.23967280163599183,
      "f1": 0.32995495495495497,
      "roc_auc": 0.7646727389062441,
      "gini": 0.5293454778124882,
      "confusion_matrix": {
        "tn": 9259,
        "fp": 521,
        "fn": 1859,
        "tp": 586
      }
    },
    "test": {
      "accuracy": 0.953439734389501,
      "precision": 0.031898656898656896,
      "recall": 0.2111111111111111,
      "f1": 0.05542296473084063,
      "roc_auc": 0.7511285062763198,
      "gini": 0.5022570125526395,
      "confusion_matrix": {
        "tn": 145673,
        "fp": 6343,
        "fn": 781,
        "tp": 209
      }
    }
  },
  "LGBM": {
    "train": {
      "accuracy": 0.9739130434782609,
      "precision": 0.8846153846153846,
      "recall": 1.0,
      "f1": 0.9387755102040817,
      "roc_auc": 0.9996099971271448,
      "gini": 0.9992199942542896,
      "confusion_matrix": {
        "tn": 19135,
        "fp": 645,
        "fn": 0,
        "tp": 4945
      }
    },
    "val": {
      "accuracy": 0.8063803680981595,
      "precision": 0.525,
      "recall": 0.33496932515337424,
      "f1": 0.40898876404494383,
      "roc_auc": 0.7667029453707539,
      "gini": 0.5334058907415078,
      "confusion_matrix": {
        "tn": 9039,
        "fp": 741,
        "fn": 1626,
        "tp": 819
      }
    },
    "test": {
      "accuracy": 0.9261336156752022,
      "precision": 0.025841456685672247,
      "recall": 0.28383838383838383,
      "f1": 0.0473701955495617,
      "roc_auc": 0.7523823150194716,
      "gini": 0.5047646300389432,
      "confusion_matrix": {
        "tn": 141423,
        "fp": 10593,
        "fn": 709,
        "tp": 281
      }
    }
  }
}