{
  "RF": {
    "train": {
      "accuracy": 0.8264575623369532,
      "precision": 0.461953324181212,
      "recall": 0.9526794742163802,
      "f1": 0.6222016773426666,
      "roc_auc": 0.9582294356799929,
      "gini": 0.9164588713599857,
      "confusion_matrix": {
        "tn": 22534,
        "fp": 5487,
        "fn": 234,
        "tp": 4711
      }
    },
    "val": {
      "accuracy": 0.730920245398773,
      "precision": 0.3109292811221508,
      "recall": 0.652760736196319,
      "f1": 0.42121931908155186,
      "roc_auc": 0.7813600842497412,
      "gini": 0.5627201684994825,
      "confusion_matrix": {
        "tn": 10318,
        "fp": 3537,
        "fn": 849,
        "tp": 1596
      }
    },
    "test": {
      "accuracy": 0.7803092689175588,
      "precision": 0.01813777620229233,
      "recall": 0.6202020202020202,
      "f1": 0.03524481947075369,
      "roc_auc": 0.7808884617674482,
      "gini": 0.5617769235348964,
      "confusion_matrix": {
        "tn": 118778,
        "fp": 33238,
        "fn": 376,
        "tp": 614
      }
    }
  },
  "GB": {
    "train": {
      "accuracy": 0.9722137960322756,
      "precision": 0.9774828158331358,
      "recall": 0.8339737108190091,
      "f1": 0.9000436490615452,
      "roc_auc": 0.9973370073557067,
      "gini": 0.9946740147114135,
      "confusion_matrix": {
        "tn": 27926,
        "fp": 95,
        "fn": 821,
        "tp": 4124
      }
    },
    "val": {
      "accuracy": 0.8533128834355829,
      "precision": 0.5555555555555556,
      "recall": 0.11042944785276074,
      "f1": 0.1842374616171955,
      "roc_auc": 0.7835145042246641,
      "gini": 0.5670290084493281,
      "confusion_matrix": {
        "tn": 13639,
        "fp": 216,
        "fn": 2175,
        "tp": 270
      }
    },
    "test": {
      "accuracy": 0.978994287805707,
      "precision": 0.02961082910321489,
      "recall": 0.0707070707070707,
      "f1": 0.04174120453190221,
      "roc_auc": 0.7655313329591038,
      "gini": 0.5310626659182076,
      "confusion_matrix": {
        "tn": 149722,
        "fp": 2294,
        "fn": 920,
        "tp": 70
      }
    }
  },
  "XGB": {
    "train": {
      "accuracy": 0.9866225808408663,
      "precision": 0.9181210545859636,
      "recall": 1.0,
      "f1": 0.9573129416319814,
      "roc_auc": 0.9999719768168962,
      "gini": 0.9999439536337924,
      "confusion_matrix": {
        "tn": 27580,
        "fp": 441,
        "fn": 0,
        "tp": 4945
      }
    },
    "val": {
      "accuracy": 0.8420245398773006,
      "precision": 0.4563758389261745,
      "recall": 0.278118609406953,
      "f1": 0.34561626429479037,
      "roc_auc": 0.7680209650196786,
      "gini": 0.5360419300393573,
      "confusion_matrix": {
        "tn": 13045,
        "fp": 810,
        "fn": 1765,
        "tp": 680
      }
    },
    "test": {
      "accuracy": 0.9445838725278747,
      "precision": 0.024024405745519256,
      "recall": 0.19090909090909092,
      "f1": 0.0426781077114147,
      "roc_auc": 0.757001133719045,
      "gini": 0.51400226743809,
      "confusion_matrix": {
        "tn": 144338,
        "fp": 7678,
        "fn": 801,
        "tp": 189
      }
    }
  },
  "LGBM": {
    "train": {
      "accuracy": 0.932748892798641,
      "precision": 0.6904495950851718,
      "recall": 1.0,
      "f1": 0.816882795077228,
      "roc_auc": 0.995722120009011,
      "gini": 0.9914442400180219,
      "confusion_matrix": {
        "tn": 25804,
        "fp": 2217,
        "fn": 0,
        "tp": 4945
      }
    },
    "val": {
      "accuracy": 0.8074233128834356,
      "precision": 0.3778169014084507,
      "recall": 0.43885480572597135,
      "f1": 0.40605487228003784,
      "roc_auc": 0.7715055656046151,
      "gini": 0.5430111312092303,
      "confusion_matrix": {
        "tn": 12088,
        "fp": 1767,
        "fn": 1372,
        "tp": 1073
      }
    },
    "test": {
      "accuracy": 0.873959191142831,
      "precision": 0.020445609436435124,
      "recall": 0.3939393939393939,
      "f1": 0.03887366060304012,
      "roc_auc": 0.7496861042803575,
      "gini": 0.49937220856071507,
      "confusion_matrix": {
        "tn": 133331,
        "fp": 18685,
        "fn": 600,
        "tp": 390
      }
    }
  }
}