{
  "RF": {
    "train": {
      "accuracy": 0.8352173913043478,
      "precision": 0.22968854176588246,
      "recall": 0.9753286147623863,
      "f1": 0.37181513317657944,
      "roc_auc": 0.9728498384577218,
      "gini": 0.9456996769154435,
      "confusion_matrix": {
        "tn": 77780,
        "fp": 16175,
        "fn": 122,
        "tp": 4823
      }
    },
    "val": {
      "accuracy": 0.7732924335378323,
      "precision": 0.12342020395711671,
      "recall": 0.5791411042944785,
      "f1": 0.20347751113665757,
      "roc_auc": 0.7757704346555223,
      "gini": 0.5515408693110446,
      "confusion_matrix": {
        "tn": 36398,
        "fp": 10057,
        "fn": 1029,
        "tp": 1416
      }
    },
    "test": {
      "accuracy": 0.8100139863796191,
      "precision": 0.019573623515723917,
      "recall": 0.5777777777777777,
      "f1": 0.03786449541588058,
      "roc_auc": 0.7809073293986066,
      "gini": 0.5618146587972133,
      "confusion_matrix": {
        "tn": 123365,
        "fp": 28651,
        "fn": 418,
        "tp": 572
      }
    }
  },
  "GB": {
    "train": {
      "accuracy": 0.9805358948432761,
      "precision": 0.992498369210698,
      "recall": 0.6153690596562184,
      "f1": 0.7597054050680314,
      "roc_auc": 0.9982244958499645,
      "gini": 0.9964489916999291,
      "confusion_matrix": {
        "tn": 93932,
        "fp": 23,
        "fn": 1902,
        "tp": 3043
      }
    },
    "val": {
      "accuracy": 0.9486094069529653,
      "precision": 0.2462686567164179,
      "recall": 0.013496932515337423,
      "f1": 0.025591314462970142,
      "roc_auc": 0.771426282971911,
      "gini": 0.5428525659438219,
      "confusion_matrix": {
        "tn": 46354,
        "fp": 101,
        "fn": 2412,
        "tp": 33
      }
    },
    "test": {
      "accuracy": 0.9918238500450963,
      "precision": 0.007547169811320755,
      "recall": 0.00202020202020202,
      "f1": 0.0031872509960159364,
      "roc_auc": 0.7545098123642487,
      "gini": 0.5090196247284975,
      "confusion_matrix": {
        "tn": 151753,
        "fp": 263,
        "fn": 988,
        "tp": 2
      }
    }
  },
  "XGB": {
    "train": {
      "accuracy": 0.9951061678463095,
      "precision": 0.910849143488672,
      "recall": 1.0,
      "f1": 0.9533449007133218,
      "roc_auc": 0.9999602266407789,
      "gini": 0.9999204532815578,
      "confusion_matrix": {
        "tn": 93471,
        "fp": 484,
        "fn": 0,
        "tp": 4945
      }
    },
    "val": {
      "accuracy": 0.9425562372188139,
      "precision": 0.26666666666666666,
      "recall": 0.0850715746421268,
      "f1": 0.1289922480620155,
      "roc_auc": 0.7657121752277365,
      "gini": 0.531424350455473,
      "confusion_matrix": {
        "tn": 45883,
        "fp": 572,
        "fn": 2237,
        "tp": 208
      }
    },
    "test": {
      "accuracy": 0.9869809027096976,
      "precision": 0.04371584699453552,
      "recall": 0.048484848484848485,
      "f1": 0.04597701149425287,
      "roc_auc": 0.7520107698657983,
      "gini": 0.5040215397315966,
      "confusion_matrix": {
        "tn": 150966,
        "fp": 1050,
        "fn": 942,
        "tp": 48
      }
    }
  },
  "LGBM": {
    "train": {
      "accuracy": 0.9148129423660263,
      "precision": 0.3698578908002992,
      "recall": 1.0,
      "f1": 0.53999453999454,
      "roc_auc": 0.9936477560977683,
      "gini": 0.9872955121955367,
      "confusion_matrix": {
        "tn": 85530,
        "fp": 8425,
        "fn": 0,
        "tp": 4945
      }
    },
    "val": {
      "accuracy": 0.8572188139059305,
      "precision": 0.1559229485818292,
      "recall": 0.4204498977505112,
      "f1": 0.22748395662757248,
      "roc_auc": 0.7664479841630498,
      "gini": 0.5328959683260996,
      "confusion_matrix": {
        "tn": 40890,
        "fp": 5565,
        "fn": 1417,
        "tp": 1028
      }
    },
    "test": {
      "accuracy": 0.8833379083173208,
      "precision": 0.02058689717925387,
      "recall": 0.3656565656565657,
      "f1": 0.038979218262086786,
      "roc_auc": 0.7602822044782103,
      "gini": 0.5205644089564205,
      "confusion_matrix": {
        "tn": 134794,
        "fp": 17222,
        "fn": 628,
        "tp": 362
      }
    }
  }
}