{
  "RF": {
    "train": {
      "accuracy": 0.8348634984833165,
      "precision": 0.5499768089053804,
      "recall": 0.9591506572295248,
      "f1": 0.6990935219986735,
      "roc_auc": 0.9591306085852366,
      "gini": 0.9182612171704732,
      "confusion_matrix": {
        "tn": 15899,
        "fp": 3881,
        "fn": 202,
        "tp": 4743
      }
    },
    "val": {
      "accuracy": 0.7280981595092024,
      "precision": 0.39543183440399715,
      "recall": 0.6797546012269938,
      "f1": 0.5,
      "roc_auc": 0.7815266120499663,
      "gini": 0.5630532240999326,
      "confusion_matrix": {
        "tn": 7239,
        "fp": 2541,
        "fn": 783,
        "tp": 1662
      }
    },
    "test": {
      "accuracy": 0.7736886135184241,
      "precision": 0.018797745415009583,
      "recall": 0.6636363636363637,
      "f1": 0.03655991764280348,
      "roc_auc": 0.7895318335709478,
      "gini": 0.5790636671418956,
      "confusion_matrix": {
        "tn": 117722,
        "fp": 34294,
        "fn": 333,
        "tp": 657
      }
    }
  },
  "GB": {
    "train": {
      "accuracy": 0.9814762386248737,
      "precision": 0.9811280291657731,
      "recall": 0.9251769464105156,
      "f1": 0.95233139050791,
      "roc_auc": 0.9983155356034683,
      "gini": 0.9966310712069366,
      "confusion_matrix": {
        "tn": 19692,
        "fp": 88,
        "fn": 370,
        "tp": 4575
      }
    },
    "val": {
      "accuracy": 0.8112883435582822,
      "precision": 0.6084905660377359,
      "recall": 0.15828220858895706,
      "f1": 0.25121713729308665,
      "roc_auc": 0.7821532194997511,
      "gini": 0.5643064389995023,
      "confusion_matrix": {
        "tn": 9531,
        "fp": 249,
        "fn": 2058,
        "tp": 387
      }
    },
    "test": {
      "accuracy": 0.9743996967439186,
      "precision": 0.030779095864058994,
      "recall": 0.09696969696969697,
      "f1": 0.04672669749330737,
      "roc_auc": 0.7638035343701195,
      "gini": 0.527607068740239,
      "confusion_matrix": {
        "tn": 148993,
        "fp": 3023,
        "fn": 894,
        "tp": 96
      }
    }
  },
  "XGB": {
    "train": {
      "accuracy": 0.9866127401415571,
      "precision": 0.9372630780894617,
      "recall": 1.0,
      "f1": 0.9676156931807064,
      "roc_auc": 0.9999949495001129,
      "gini": 0.9999898990002258,
      "confusion_matrix": {
        "tn": 19449,
        "fp": 331,
        "fn": 0,
        "tp": 4945
      }
    },
    "val": {
      "accuracy": 0.7973824130879346,
      "precision": 0.48933333333333334,
      "recall": 0.3002044989775051,
      "f1": 0.37211660329531054,
      "roc_auc": 0.7653003709419082,
      "gini": 0.5306007418838163,
      "confusion_matrix": {
        "tn": 9014,
        "fp": 766,
        "fn": 1711,
        "tp": 734
      }
    },
    "test": {
      "accuracy": 0.9274865037972367,
      "precision": 0.027052326125620144,
      "recall": 0.2919191919191919,
      "f1": 0.049515977041034866,
      "roc_auc": 0.7590345952419681,
      "gini": 0.5180691904839363,
      "confusion_matrix": {
        "tn": 141622,
        "fp": 10394,
        "fn": 701,
        "tp": 289
      }
    }
  },
  "LGBM": {
    "train": {
      "accuracy": 0.947623862487361,
      "precision": 0.7925617184995191,
      "recall": 0.9997977755308393,
      "f1": 0.884199230975588,
      "roc_auc": 0.9978818009223808,
      "gini": 0.9957636018447615,
      "confusion_matrix": {
        "tn": 18486,
        "fp": 1294,
        "fn": 1,
        "tp": 4944
      }
    },
    "val": {
      "accuracy": 0.7896114519427403,
      "precision": 0.4719399027839152,
      "recall": 0.4368098159509202,
      "f1": 0.453695836873407,
      "roc_auc": 0.7672489450947428,
      "gini": 0.5344978901894857,
      "confusion_matrix": {
        "tn": 8585,
        "fp": 1195,
        "fn": 1377,
        "tp": 1068
      }
    },
    "test": {
      "accuracy": 0.8878279283165366,
      "precision": 0.0208,
      "recall": 0.35454545454545455,
      "f1": 0.03929471032745592,
      "roc_auc": 0.7692554657989218,
      "gini": 0.5385109315978436,
      "confusion_matrix": {
        "tn": 135492,
        "fp": 16524,
        "fn": 639,
        "tp": 351
      }
    }
  }
}