{
  "RF": {
    "train": {
      "accuracy": 0.8535872460297357,
      "precision": 0.02498274319314841,
      "recall": 0.9880687563195146,
      "f1": 0.04873329343706363,
      "roc_auc": 0.9835328278128017,
      "gini": 0.9670656556256034,
      "confusion_matrix": {
        "tn": 1107176,
        "fp": 190689,
        "fn": 59,
        "tp": 4886
      }
    },
    "val": {
      "accuracy": 0.8159550898404402,
      "precision": 0.015232985786592546,
      "recall": 0.5132924335378323,
      "f1": 0.029587891361750284,
      "roc_auc": 0.7685839903073531,
      "gini": 0.5371679806147063,
      "confusion_matrix": {
        "tn": 363716,
        "fp": 81132,
        "fn": 1190,
        "tp": 1255
      }
    },
    "test": {
      "accuracy": 0.8352352195338745,
      "precision": 0.02054794520547945,
      "recall": 0.5242424242424243,
      "f1": 0.039545870161536115,
      "roc_auc": 0.7800481362142635,
      "gini": 0.560096272428527,
      "confusion_matrix": {
        "tn": 127277,
        "fp": 24739,
        "fn": 471,
        "tp": 519
      }
    }
  },
  "GB": {
    "train": {
      "accuracy": 0.997422494454295,
      "precision": 0.7540826128722382,
      "recall": 0.4762386248736097,
      "f1": 0.5837878036688151,
      "roc_auc": 0.9856123237191552,
      "gini": 0.9712246474383104,
      "confusion_matrix": {
        "tn": 1297097,
        "fp": 768,
        "fn": 2590,
        "tp": 2355
      }
    },
    "val": {
      "accuracy": 0.9842049842049843,
      "precision": 0.009762308998302207,
      "recall": 0.01881390593047035,
      "f1": 0.01285454799496996,
      "roc_auc": 0.7339580098387228,
      "gini": 0.46791601967744567,
      "confusion_matrix": {
        "tn": 440182,
        "fp": 4666,
        "fn": 2399,
        "tp": 46
      }
    },
    "test": {
      "accuracy": 0.9792099656222631,
      "precision": 0.007640449438202248,
      "recall": 0.01717171717171717,
      "f1": 0.010575427682737169,
      "roc_auc": 0.6932693986757374,
      "gini": 0.3865387973514749,
      "confusion_matrix": {
        "tn": 149808,
        "fp": 2208,
        "fn": 973,
        "tp": 17
      }
    }
  },
  "XGB": {
    "train": {
      "accuracy": 0.9995586463106669,
      "precision": 0.8993055555555556,
      "recall": 0.9951466127401416,
      "f1": 0.944801766343477,
      "roc_auc": 0.9999752458047331,
      "gini": 0.9999504916094661,
      "confusion_matrix": {
        "tn": 1297314,
        "fp": 551,
        "fn": 24,
        "tp": 4921
      }
    },
    "val": {
      "accuracy": 0.9943907013970709,
      "precision": 0.0,
      "recall": 0.0,
      "f1": 0.0,
      "roc_auc": 0.7766519776116905,
      "gini": 0.5533039552233809,
      "confusion_matrix": {
        "tn": 444784,
        "fp": 64,
        "fn": 2445,
        "tp": 0
      }
    },
    "test": {
      "accuracy": 0.9935100584290812,
      "precision": 0.2,
      "recall": 0.00101010101010101,
      "f1": 0.0020100502512562816,
      "roc_auc": 0.7601656763402895,
      "gini": 0.5203313526805791,
      "confusion_matrix": {
        "tn": 152012,
        "fp": 4,
        "fn": 989,
        "tp": 1
      }
    }
  },
  "LGBM": {
    "train": {
      "accuracy": 0.908444823113117,
      "precision": 0.03977748438204418,
      "recall": 0.9991911021233569,
      "f1": 0.07650916298263408,
      "roc_auc": 0.9931296822906603,
      "gini": 0.9862593645813207,
      "confusion_matrix": {
        "tn": 1178590,
        "fp": 119275,
        "fn": 4,
        "tp": 4941
      }
    },
    "val": {
      "accuracy": 0.8785918849613117,
      "precision": 0.018709629519637686,
      "recall": 0.41226993865030676,
      "f1": 0.03579481898403793,
      "roc_auc": 0.7687504394782543,
      "gini": 0.5375008789565086,
      "confusion_matrix": {
        "tn": 391980,
        "fp": 52868,
        "fn": 1437,
        "tp": 1008
      }
    },
    "test": {
      "accuracy": 0.8863312549834647,
      "precision": 0.01928487690504103,
      "recall": 0.3323232323232323,
      "f1": 0.036454293628808865,
      "roc_auc": 0.7542227479510397,
      "gini": 0.5084454959020794,
      "confusion_matrix": {
        "tn": 135285,
        "fp": 16731,
        "fn": 661,
        "tp": 329
      }
    }
  }
}