{
  "RF": {
    "train": {
      "accuracy": 0.9208796764408493,
      "precision": 0.7619342839429635,
      "recall": 0.9941354903943377,
      "f1": 0.8626831622356761,
      "roc_auc": 0.9932169400990949,
      "gini": 0.9864338801981898,
      "confusion_matrix": {
        "tn": 13299,
        "fp": 1536,
        "fn": 29,
        "tp": 4916
      }
    },
    "val": {
      "accuracy": 0.7658486707566462,
      "precision": 0.531287848203472,
      "recall": 0.538241308793456,
      "f1": 0.534741974806989,
      "roc_auc": 0.7902713131287786,
      "gini": 0.5805426262575573,
      "confusion_matrix": {
        "tn": 6174,
        "fp": 1161,
        "fn": 1129,
        "tp": 1316
      }
    },
    "test": {
      "accuracy": 0.8581754963857626,
      "precision": 0.025565838907724733,
      "recall": 0.5636363636363636,
      "f1": 0.04891304347826087,
      "roc_auc": 0.7917615064974554,
      "gini": 0.5835230129949107,
      "confusion_matrix": {
        "tn": 130748,
        "fp": 21268,
        "fn": 432,
        "tp": 558
      }
    }
  },
  "GB": {
    "train": {
      "accuracy": 0.9998483316481295,
      "precision": 0.9993936944219887,
      "recall": 1.0,
      "f1": 0.9996967552815121,
      "roc_auc": 0.9999999045789495,
      "gini": 0.999999809157899,
      "confusion_matrix": {
        "tn": 14832,
        "fp": 3,
        "fn": 0,
        "tp": 4945
      }
    },
    "val": {
      "accuracy": 0.7632924335378323,
      "precision": 0.65625,
      "recall": 0.1116564417177914,
      "f1": 0.19084236281020622,
      "roc_auc": 0.775226991077042,
      "gini": 0.5504539821540839,
      "confusion_matrix": {
        "tn": 7192,
        "fp": 143,
        "fn": 2172,
        "tp": 273
      }
    },
    "test": {
      "accuracy": 0.9812817797994849,
      "precision": 0.04514563106796116,
      "recall": 0.09393939393939393,
      "f1": 0.06098360655737705,
      "roc_auc": 0.7640816948827289,
      "gini": 0.5281633897654578,
      "confusion_matrix": {
        "tn": 150049,
        "fp": 1967,
        "fn": 897,
        "tp": 93
      }
    }
  },
  "XGB": {
    "train": {
      "accuracy": 0.996056622851365,
      "precision": 0.9844714314154888,
      "recall": 1.0,
      "f1": 0.9921749598715891,
      "roc_auc": 1.0,
      "gini": 1.0,
      "confusion_matrix": {
        "tn": 14757,
        "fp": 78,
        "fn": 0,
        "tp": 4945
      }
    },
    "val": {
      "accuracy": 0.7738241308793457,
      "precision": 0.5883244882486732,
      "recall": 0.3173824130879346,
      "f1": 0.412327311370882,
      "roc_auc": 0.7770404662632446,
      "gini": 0.5540809325264893,
      "confusion_matrix": {
        "tn": 6792,
        "fp": 543,
        "fn": 1669,
        "tp": 776
      }
    },
    "test": {
      "accuracy": 0.9310419199247089,
      "precision": 0.02266600099850225,
      "recall": 0.2292929292929293,
      "f1": 0.04125397546569741,
      "roc_auc": 0.7593912861644547,
      "gini": 0.5187825723289095,
      "confusion_matrix": {
        "tn": 142228,
        "fp": 9788,
        "fn": 763,
        "tp": 227
      }
    }
  },
  "LGBM": {
    "train": {
      "accuracy": 0.9770475227502528,
      "precision": 0.9159103537692165,
      "recall": 1.0,
      "f1": 0.9561098221191029,
      "roc_auc": 0.9997651415315693,
      "gini": 0.9995302830631385,
      "confusion_matrix": {
        "tn": 14381,
        "fp": 454,
        "fn": 0,
        "tp": 4945
      }
    },
    "val": {
      "accuracy": 0.7706543967280164,
      "precision": 0.5684281842818428,
      "recall": 0.3431492842535787,
      "f1": 0.4279520530476919,
      "roc_auc": 0.7678712729817401,
      "gini": 0.5357425459634801,
      "confusion_matrix": {
        "tn": 6698,
        "fp": 637,
        "fn": 1606,
        "tp": 839
      }
    },
    "test": {
      "accuracy": 0.9204344927649896,
      "precision": 0.027143581938102485,
      "recall": 0.3242424242424242,
      "f1": 0.050093632958801496,
      "roc_auc": 0.7681629771294676,
      "gini": 0.5363259542589351,
      "confusion_matrix": {
        "tn": 140511,
        "fp": 11505,
        "fn": 669,
        "tp": 321
      }
    }
  }
}