{
  "RF": {
    "train": {
      "accuracy": 0.7922034338666725,
      "precision": 0.2700712866658876,
      "recall": 0.9381596752368065,
      "f1": 0.4194065515259672,
      "roc_auc": 0.9488683884394636,
      "gini": 0.8977367768789273,
      "confusion_matrix": {
        "tn": 66246,
        "fp": 18738,
        "fn": 457,
        "tp": 6933
      }
    },
    "test": {
      "accuracy": 0.7750349659490477,
      "precision": 0.017965798656169797,
      "recall": 0.6292929292929293,
      "f1": 0.034934252950907,
      "roc_auc": 0.7883402890073241,
      "gini": 0.5766805780146482,
      "confusion_matrix": {
        "tn": 117962,
        "fp": 34054,
        "fn": 367,
        "tp": 623
      }
    }
  },
  "GB": {
    "train": {
      "accuracy": 0.9607248792950397,
      "precision": 0.9813203684749232,
      "recall": 0.5189445196211097,
      "f1": 0.6788812179146752,
      "roc_auc": 0.9930025561127673,
      "gini": 0.9860051122255347,
      "confusion_matrix": {
        "tn": 84911,
        "fp": 73,
        "fn": 3555,
        "tp": 3835
      }
    },
    "test": {
      "accuracy": 0.9890919310353843,
      "precision": 0.03556771545827633,
      "recall": 0.026262626262626262,
      "f1": 0.03021499128413713,
      "roc_auc": 0.7868481314832356,
      "gini": 0.5736962629664712,
      "confusion_matrix": {
        "tn": 151311,
        "fp": 705,
        "fn": 964,
        "tp": 26
      }
    }
  },
  "XGB": {
    "train": {
      "accuracy": 0.9820079243077057,
      "precision": 0.8163941670349094,
      "recall": 1.0,
      "f1": 0.8989174066415277,
      "roc_auc": 0.999871695979197,
      "gini": 0.999743391958394,
      "confusion_matrix": {
        "tn": 83322,
        "fp": 1662,
        "fn": 0,
        "tp": 7390
      }
    },
    "test": {
      "accuracy": 0.9609296367462714,
      "precision": 0.02996607614021862,
      "recall": 0.1606060606060606,
      "f1": 0.050508259212198224,
      "roc_auc": 0.7656633997325109,
      "gini": 0.5313267994650217,
      "confusion_matrix": {
        "tn": 146869,
        "fp": 5147,
        "fn": 831,
        "tp": 159
      }
    }
  },
  "LGBM": {
    "train": {
      "accuracy": 0.8873600796760993,
      "precision": 0.41475826972010177,
      "recall": 0.9925575101488497,
      "f1": 0.5850448654037886,
      "roc_auc": 0.9842228966254828,
      "gini": 0.9684457932509656,
      "confusion_matrix": {
        "tn": 74634,
        "fp": 10350,
        "fn": 55,
        "tp": 7335
      }
    },
    "test": {
      "accuracy": 0.8442087238408952,
      "precision": 0.019960499222591084,
      "recall": 0.4797979797979798,
      "f1": 0.03832654213902449,
      "roc_auc": 0.7804551175633825,
      "gini": 0.560910235126765,
      "confusion_matrix": {
        "tn": 128694,
        "fp": 23322,
        "fn": 515,
        "tp": 475
      }
    }
  }
}