{
  "RF": {
    "train": {
      "accuracy": 0.9184077770801308,
      "precision": 0.4950681070925317,
      "recall": 0.9983761840324763,
      "f1": 0.6619118108823397,
      "roc_auc": 0.9950045137844621,
      "gini": 0.9900090275689242,
      "confusion_matrix": {
        "tn": 77459,
        "fp": 7525,
        "fn": 12,
        "tp": 7378
      }
    },
    "test": {
      "accuracy": 0.8971543599597401,
      "precision": 0.031813563627127256,
      "recall": 0.5060606060606061,
      "f1": 0.059863783008722665,
      "roc_auc": 0.7999542578718455,
      "gini": 0.599908515743691,
      "confusion_matrix": {
        "tn": 136769,
        "fp": 15247,
        "fn": 489,
        "tp": 501
      }
    }
  },
  "GB": {
    "train": {
      "accuracy": 0.9931582479918591,
      "precision": 0.9974970553592462,
      "recall": 0.9167794316644113,
      "f1": 0.955436468763221,
      "roc_auc": 0.9998642090966865,
      "gini": 0.999728418193373,
      "confusion_matrix": {
        "tn": 84967,
        "fp": 17,
        "fn": 615,
        "tp": 6775
      }
    },
    "test": {
      "accuracy": 0.9915036011659674,
      "precision": 0.09424083769633508,
      "recall": 0.03636363636363636,
      "f1": 0.052478134110787174,
      "roc_auc": 0.7869358415488428,
      "gini": 0.5738716830976855,
      "confusion_matrix": {
        "tn": 151670,
        "fp": 346,
        "fn": 954,
        "tp": 36
      }
    }
  },
  "XGB": {
    "train": {
      "accuracy": 0.9962868339576071,
      "precision": 0.9556446398551661,
      "recall": 1.0,
      "f1": 0.9773193149507373,
      "roc_auc": 0.9999962613355733,
      "gini": 0.9999925226711466,
      "confusion_matrix": {
        "tn": 84641,
        "fp": 343,
        "fn": 0,
        "tp": 7390
      }
    },
    "test": {
      "accuracy": 0.9811902801197339,
      "precision": 0.046589817483189244,
      "recall": 0.09797979797979799,
      "f1": 0.06315104166666667,
      "roc_auc": 0.783530175983602,
      "gini": 0.567060351967204,
      "confusion_matrix": {
        "tn": 150031,
        "fp": 1985,
        "fn": 893,
        "tp": 97
      }
    }
  },
  "LGBM": {
    "train": {
      "accuracy": 0.9264078636845866,
      "precision": 0.5208715272881117,
      "recall": 0.9995940460081191,
      "f1": 0.6848692749860931,
      "roc_auc": 0.9941313334217365,
      "gini": 0.9882626668434731,
      "confusion_matrix": {
        "tn": 78189,
        "fp": 6795,
        "fn": 3,
        "tp": 7387
      }
    },
    "test": {
      "accuracy": 0.8964158268303204,
      "precision": 0.025968225610923244,
      "recall": 0.4111111111111111,
      "f1": 0.048850747164376165,
      "roc_auc": 0.7920000114288873,
      "gini": 0.5840000228577746,
      "confusion_matrix": {
        "tn": 136750,
        "fp": 15266,
        "fn": 583,
        "tp": 407
      }
    }
  }
}