{
  "RF": {
    "train": {
      "accuracy": 0.9279878665318504,
      "precision": 0.5814500941619586,
      "recall": 0.9989888776541962,
      "f1": 0.7350643553307046,
      "roc_auc": 0.9966541335660698,
      "gini": 0.9933082671321396,
      "confusion_matrix": {
        "tn": 40949,
        "fp": 3556,
        "fn": 5,
        "tp": 4940
      }
    },
    "val": {
      "accuracy": 0.8490388548057259,
      "precision": 0.3131373725254949,
      "recall": 0.4269938650306748,
      "f1": 0.36130818480706006,
      "roc_auc": 0.7931305257356922,
      "gini": 0.5862610514713844,
      "confusion_matrix": {
        "tn": 19715,
        "fp": 2290,
        "fn": 1401,
        "tp": 1044
      }
    },
    "test": {
      "accuracy": 0.9023829130883756,
      "precision": 0.030437710437710437,
      "recall": 0.45656565656565656,
      "f1": 0.05707070707070707,
      "roc_auc": 0.7932805518079438,
      "gini": 0.5865611036158875,
      "confusion_matrix": {
        "tn": 137618,
        "fp": 14398,
        "fn": 538,
        "tp": 452
      }
    }
  },
  "GB": {
    "train": {
      "accuracy": 0.9993124368048534,
      "precision": 0.9983762938908057,
      "recall": 0.99474216380182,
      "f1": 0.9965559157212318,
      "roc_auc": 0.9999981188421473,
      "gini": 0.9999962376842946,
      "confusion_matrix": {
        "tn": 44497,
        "fp": 8,
        "fn": 26,
        "tp": 4919
      }
    },
    "val": {
      "accuracy": 0.8998773006134969,
      "precision": 0.48695652173913045,
      "recall": 0.022903885480572598,
      "f1": 0.04375,
      "roc_auc": 0.7733259358697526,
      "gini": 0.5466518717395052,
      "confusion_matrix": {
        "tn": 21946,
        "fp": 59,
        "fn": 2389,
        "tp": 56
      }
    },
    "test": {
      "accuracy": 0.9920983490843497,
      "precision": 0.04184100418410042,
      "recall": 0.010101010101010102,
      "f1": 0.01627339300244101,
      "roc_auc": 0.7602079167105217,
      "gini": 0.5204158334210434,
      "confusion_matrix": {
        "tn": 151787,
        "fp": 229,
        "fn": 980,
        "tp": 10
      }
    }
  },
  "XGB": {
    "train": {
      "accuracy": 0.9976744186046511,
      "precision": 0.9772727272727273,
      "recall": 1.0,
      "f1": 0.9885057471264368,
      "roc_auc": 0.9999998682280731,
      "gini": 0.9999997364561461,
      "confusion_matrix": {
        "tn": 44390,
        "fp": 115,
        "fn": 0,
        "tp": 4945
      }
    },
    "val": {
      "accuracy": 0.8951329243353783,
      "precision": 0.40033500837520936,
      "recall": 0.09775051124744376,
      "f1": 0.1571334648257725,
      "roc_auc": 0.7662877975771449,
      "gini": 0.5325755951542899,
      "confusion_matrix": {
        "tn": 21647,
        "fp": 358,
        "fn": 2206,
        "tp": 239
      }
    },
    "test": {
      "accuracy": 0.9823470974994445,
      "precision": 0.034801522566612286,
      "recall": 0.06464646464646465,
      "f1": 0.04524566984800283,
      "roc_auc": 0.7533281318606547,
      "gini": 0.5066562637213095,
      "confusion_matrix": {
        "tn": 150241,
        "fp": 1775,
        "fn": 926,
        "tp": 64
      }
    }
  },
  "LGBM": {
    "train": {
      "accuracy": 0.9622851365015167,
      "precision": 0.7261380323054332,
      "recall": 1.0,
      "f1": 0.8413441088898341,
      "roc_auc": 0.9991208585986123,
      "gini": 0.9982417171972247,
      "confusion_matrix": {
        "tn": 42640,
        "fp": 1865,
        "fn": 0,
        "tp": 4945
      }
    },
    "val": {
      "accuracy": 0.8728425357873211,
      "precision": 0.34398496240601506,
      "recall": 0.29938650306748466,
      "f1": 0.32013995189153727,
      "roc_auc": 0.7654934438120357,
      "gini": 0.5309868876240713,
      "confusion_matrix": {
        "tn": 20609,
        "fp": 1396,
        "fn": 1713,
        "tp": 732
      }
    },
    "test": {
      "accuracy": 0.9387801785550893,
      "precision": 0.03362654492818172,
      "recall": 0.30505050505050507,
      "f1": 0.06057566944138,
      "roc_auc": 0.7781230564246826,
      "gini": 0.5562461128493652,
      "confusion_matrix": {
        "tn": 143337,
        "fp": 8679,
        "fn": 688,
        "tp": 302
      }
    }
  }
}