{
  "RF": {
    "train": {
      "accuracy": 0.9195114059213719,
      "precision": 0.8406347016212488,
      "recall": 0.9856420626895854,
      "f1": 0.9073815507772504,
      "roc_auc": 0.9881595487534238,
      "gini": 0.9763190975068476,
      "confusion_matrix": {
        "tn": 6493,
        "fp": 924,
        "fn": 71,
        "tp": 4874
      }
    },
    "val": {
      "accuracy": 0.7269306282722513,
      "precision": 0.6729055258467023,
      "recall": 0.6175869120654397,
      "f1": 0.6440605672851354,
      "roc_auc": 0.7988767334592561,
      "gini": 0.5977534669185123,
      "confusion_matrix": {
        "tn": 2933,
        "fp": 734,
        "fn": 935,
        "tp": 1510
      }
    },
    "test": {
      "accuracy": 0.8057461798883704,
      "precision": 0.02161172161172161,
      "recall": 0.6555555555555556,
      "f1": 0.04184397163120567,
      "roc_auc": 0.795375500080268,
      "gini": 0.590751000160536,
      "confusion_matrix": {
        "tn": 122635,
        "fp": 29381,
        "fn": 341,
        "tp": 649
      }
    }
  },
  "GB": {
    "train": {
      "accuracy": 1.0,
      "precision": 1.0,
      "recall": 1.0,
      "f1": 1.0,
      "roc_auc": 0.9999999999999999,
      "gini": 0.9999999999999998,
      "confusion_matrix": {
        "tn": 7417,
        "fp": 0,
        "fn": 0,
        "tp": 4945
      }
    },
    "val": {
      "accuracy": 0.6827552356020943,
      "precision": 0.7657563025210085,
      "recall": 0.298159509202454,
      "f1": 0.4292022372681778,
      "roc_auc": 0.7806302048391586,
      "gini": 0.5612604096783171,
      "confusion_matrix": {
        "tn": 3444,
        "fp": 223,
        "fn": 1716,
        "tp": 729
      }
    },
    "test": {
      "accuracy": 0.94355776897638,
      "precision": 0.027441285537700866,
      "recall": 0.22424242424242424,
      "f1": 0.04889867841409692,
      "roc_auc": 0.7691138173653173,
      "gini": 0.5382276347306345,
      "confusion_matrix": {
        "tn": 144148,
        "fp": 7868,
        "fn": 768,
        "tp": 222
      }
    }
  },
  "XGB": {
    "train": {
      "accuracy": 0.9945801650218411,
      "precision": 0.9866320830007981,
      "recall": 1.0,
      "f1": 0.9932710655820026,
      "roc_auc": 1.0,
      "gini": 1.0,
      "confusion_matrix": {
        "tn": 7350,
        "fp": 67,
        "fn": 0,
        "tp": 4945
      }
    },
    "val": {
      "accuracy": 0.6981348167539267,
      "precision": 0.6668520578420467,
      "recall": 0.49038854805725973,
      "f1": 0.5651661560216827,
      "roc_auc": 0.7670186703606978,
      "gini": 0.5340373407213956,
      "confusion_matrix": {
        "tn": 3068,
        "fp": 599,
        "fn": 1246,
        "tp": 1199
      }
    },
    "test": {
      "accuracy": 0.847391605557952,
      "precision": 0.019759450171821305,
      "recall": 0.46464646464646464,
      "f1": 0.037906880922950144,
      "roc_auc": 0.755553734907224,
      "gini": 0.511107469814448,
      "confusion_matrix": {
        "tn": 129196,
        "fp": 22820,
        "fn": 530,
        "tp": 460
      }
    }
  },
  "LGBM": {
    "train": {
      "accuracy": 0.991991587121825,
      "precision": 0.9803727200634417,
      "recall": 1.0,
      "f1": 0.9900890980078086,
      "roc_auc": 0.99998132347831,
      "gini": 0.9999626469566201,
      "confusion_matrix": {
        "tn": 7318,
        "fp": 99,
        "fn": 0,
        "tp": 4945
      }
    },
    "val": {
      "accuracy": 0.706151832460733,
      "precision": 0.7299787384833452,
      "recall": 0.4212678936605317,
      "f1": 0.5342323651452282,
      "roc_auc": 0.7828105420421902,
      "gini": 0.5656210840843805,
      "confusion_matrix": {
        "tn": 3286,
        "fp": 381,
        "fn": 1415,
        "tp": 1030
      }
    },
    "test": {
      "accuracy": 0.8942459772819367,
      "precision": 0.025962678649441427,
      "recall": 0.4202020202020202,
      "f1": 0.048903779462763766,
      "roc_auc": 0.7677483909189782,
      "gini": 0.5354967818379563,
      "confusion_matrix": {
        "tn": 136409,
        "fp": 15607,
        "fn": 574,
        "tp": 416
      }
    }
  }
}