{
  "RF": {
    "train": {
      "accuracy": 0.923154701718908,
      "precision": 0.8823314452768134,
      "recall": 0.9765419615773508,
      "f1": 0.9270493376847764,
      "roc_auc": 0.9872277969699047,
      "gini": 0.9744555939398094,
      "confusion_matrix": {
        "tn": 4301,
        "fp": 644,
        "fn": 116,
        "tp": 4829
      }
    },
    "val": {
      "accuracy": 0.7249488752556237,
      "precision": 0.7422907488986784,
      "recall": 0.689161554192229,
      "f1": 0.7147401908801697,
      "roc_auc": 0.7978981352536999,
      "gini": 0.5957962705073998,
      "confusion_matrix": {
        "tn": 1860,
        "fp": 585,
        "fn": 760,
        "tp": 1685
      }
    },
    "test": {
      "accuracy": 0.7639373619335189,
      "precision": 0.01839817937539415,
      "recall": 0.6777777777777778,
      "f1": 0.03582392354715571,
      "roc_auc": 0.7939794614920918,
      "gini": 0.5879589229841835,
      "confusion_matrix": {
        "tn": 116216,
        "fp": 35800,
        "fn": 319,
        "tp": 671
      }
    }
  },
  "GB": {
    "train": {
      "accuracy": 1.0,
      "precision": 1.0,
      "recall": 1.0,
      "f1": 1.0,
      "roc_auc": 1.0,
      "gini": 1.0,
      "confusion_matrix": {
        "tn": 4945,
        "fp": 0,
        "fn": 0,
        "tp": 4945
      }
    },
    "val": {
      "accuracy": 0.6484662576687117,
      "precision": 0.7871835443037974,
      "recall": 0.4069529652351738,
      "f1": 0.5365327581558371,
      "roc_auc": 0.7856673399659585,
      "gini": 0.571334679931917,
      "confusion_matrix": {
        "tn": 2176,
        "fp": 269,
        "fn": 1450,
        "tp": 995
      }
    },
    "test": {
      "accuracy": 0.9015398088963832,
      "precision": 0.0283493063467596,
      "recall": 0.42727272727272725,
      "f1": 0.05317076236565898,
      "roc_auc": 0.7766403509891038,
      "gini": 0.5532807019782076,
      "confusion_matrix": {
        "tn": 137518,
        "fp": 14498,
        "fn": 567,
        "tp": 423
      }
    }
  },
  "XGB": {
    "train": {
      "accuracy": 0.993933265925177,
      "precision": 0.988011988011988,
      "recall": 1.0,
      "f1": 0.9939698492462311,
      "roc_auc": 1.0,
      "gini": 1.0,
      "confusion_matrix": {
        "tn": 4885,
        "fp": 60,
        "fn": 0,
        "tp": 4945
      }
    },
    "val": {
      "accuracy": 0.6922290388548057,
      "precision": 0.7290448343079922,
      "recall": 0.6118609406952965,
      "f1": 0.6653324438514565,
      "roc_auc": 0.7722834046361465,
      "gini": 0.5445668092722931,
      "confusion_matrix": {
        "tn": 1889,
        "fp": 556,
        "fn": 949,
        "tp": 1496
      }
    },
    "test": {
      "accuracy": 0.7650941793132295,
      "precision": 0.016676807345539023,
      "recall": 0.6090909090909091,
      "f1": 0.03246473565198665,
      "roc_auc": 0.7614897561288073,
      "gini": 0.5229795122576146,
      "confusion_matrix": {
        "tn": 116461,
        "fp": 35555,
        "fn": 387,
        "tp": 603
      }
    }
  },
  "LGBM": {
    "train": {
      "accuracy": 0.9980788675429727,
      "precision": 0.9961724415793715,
      "recall": 1.0,
      "f1": 0.9980825512160661,
      "roc_auc": 0.9999970146842774,
      "gini": 0.9999940293685547,
      "confusion_matrix": {
        "tn": 4926,
        "fp": 19,
        "fn": 0,
        "tp": 4945
      }
    },
    "val": {
      "accuracy": 0.665439672801636,
      "precision": 0.7642064010450685,
      "recall": 0.4785276073619632,
      "f1": 0.5885311871227364,
      "roc_auc": 0.7780014302382476,
      "gini": 0.5560028604764953,
      "confusion_matrix": {
        "tn": 2084,
        "fp": 361,
        "fn": 1275,
        "tp": 1170
      }
    },
    "test": {
      "accuracy": 0.8571101786858032,
      "precision": 0.021546784027873286,
      "recall": 0.47474747474747475,
      "f1": 0.04122264614305135,
      "roc_auc": 0.7680613430909453,
      "gini": 0.5361226861818906,
      "confusion_matrix": {
        "tn": 130673,
        "fp": 21343,
        "fn": 520,
        "tp": 470
      }
    }
  }
}