{
  "RF": {
    "train": {
      "accuracy": 0.8391069586847054,
      "precision": 0.6630635755937989,
      "recall": 0.9427704752275026,
      "f1": 0.7785571142284569,
      "roc_auc": 0.953290722124335,
      "gini": 0.9065814442486699,
      "confusion_matrix": {
        "tn": 9169,
        "fp": 2369,
        "fn": 283,
        "tp": 4662
      }
    },
    "val": {
      "accuracy": 0.723680981595092,
      "precision": 0.5297380585516178,
      "recall": 0.7030674846625767,
      "f1": 0.6042179261862918,
      "roc_auc": 0.7874857379437906,
      "gini": 0.5749714758875812,
      "confusion_matrix": {
        "tn": 4179,
        "fp": 1526,
        "fn": 726,
        "tp": 1719
      }
    },
    "test": {
      "accuracy": 0.757042207495131,
      "precision": 0.01836865083590672,
      "recall": 0.696969696969697,
      "f1": 0.03579395134097629,
      "roc_auc": 0.7925599704284185,
      "gini": 0.585119940856837,
      "confusion_matrix": {
        "tn": 115142,
        "fp": 36874,
        "fn": 300,
        "tp": 690
      }
    }
  },
  "GB": {
    "train": {
      "accuracy": 0.9916884062367287,
      "precision": 0.9819566960705693,
      "recall": 0.9904954499494438,
      "f1": 0.9862075908587536,
      "roc_auc": 0.9996324274946058,
      "gini": 0.9992648549892116,
      "confusion_matrix": {
        "tn": 11448,
        "fp": 90,
        "fn": 47,
        "tp": 4898
      }
    },
    "val": {
      "accuracy": 0.7423312883435583,
      "precision": 0.6758409785932722,
      "recall": 0.27116564417177913,
      "f1": 0.38704028021015763,
      "roc_auc": 0.7761485010278718,
      "gini": 0.5522970020557436,
      "confusion_matrix": {
        "tn": 5387,
        "fp": 318,
        "fn": 1782,
        "tp": 663
      }
    },
    "test": {
      "accuracy": 0.9497928185822778,
      "precision": 0.029395218002812938,
      "recall": 0.2111111111111111,
      "f1": 0.051604938271604936,
      "roc_auc": 0.7634371488275025,
      "gini": 0.5268742976550049,
      "confusion_matrix": {
        "tn": 145115,
        "fp": 6901,
        "fn": 781,
        "tp": 209
      }
    }
  },
  "XGB": {
    "train": {
      "accuracy": 0.9835588181763029,
      "precision": 0.9480444785276073,
      "recall": 1.0,
      "f1": 0.973329396712922,
      "roc_auc": 0.9999881869221516,
      "gini": 0.9999763738443033,
      "confusion_matrix": {
        "tn": 11267,
        "fp": 271,
        "fn": 0,
        "tp": 4945
      }
    },
    "val": {
      "accuracy": 0.741717791411043,
      "precision": 0.5956130483689539,
      "recall": 0.4331288343558282,
      "f1": 0.501539190149183,
      "roc_auc": 0.7701612871427317,
      "gini": 0.5403225742854634,
      "confusion_matrix": {
        "tn": 4986,
        "fp": 719,
        "fn": 1386,
        "tp": 1059
      }
    },
    "test": {
      "accuracy": 0.8731618367907141,
      "precision": 0.02091462462931169,
      "recall": 0.40606060606060607,
      "f1": 0.03978031764880511,
      "roc_auc": 0.7421103832504606,
      "gini": 0.4842207665009213,
      "confusion_matrix": {
        "tn": 133197,
        "fp": 18819,
        "fn": 588,
        "tp": 402
      }
    }
  },
  "LGBM": {
    "train": {
      "accuracy": 0.9633561851604684,
      "precision": 0.8911515588394305,
      "recall": 1.0,
      "f1": 0.942443300933867,
      "roc_auc": 0.9989979214942106,
      "gini": 0.9979958429884213,
      "confusion_matrix": {
        "tn": 10934,
        "fp": 604,
        "fn": 0,
        "tp": 4945
      }
    },
    "val": {
      "accuracy": 0.7382822085889571,
      "precision": 0.5902777777777778,
      "recall": 0.4171779141104294,
      "f1": 0.4888569374550683,
      "roc_auc": 0.7694940577006142,
      "gini": 0.5389881154012284,
      "confusion_matrix": {
        "tn": 4997,
        "fp": 708,
        "fn": 1425,
        "tp": 1020
      }
    },
    "test": {
      "accuracy": 0.8787825314039972,
      "precision": 0.01885448067963826,
      "recall": 0.3474747474747475,
      "f1": 0.03576813101117754,
      "roc_auc": 0.7527008321293134,
      "gini": 0.5054016642586268,
      "confusion_matrix": {
        "tn": 134115,
        "fp": 17901,
        "fn": 646,
        "tp": 344
      }
    }
  }
}