{
  "RF": {
    "train": {
      "accuracy": 0.93826728379426,
      "precision": 0.05791329405287634,
      "recall": 0.9997977755308393,
      "f1": 0.10948468675952787,
      "roc_auc": 0.9989034127242111,
      "gini": 0.9978068254484223,
      "confusion_matrix": {
        "tn": 1217440,
        "fp": 80425,
        "fn": 1,
        "tp": 4944
      }
    },
    "val": {
      "accuracy": 0.9257131231653525,
      "precision": 0.024586872586872588,
      "recall": 0.32556237218813905,
      "f1": 0.04572085008615738,
      "roc_auc": 0.7933654827306376,
      "gini": 0.5867309654612751,
      "confusion_matrix": {
        "tn": 413269,
        "fp": 31579,
        "fn": 1649,
        "tp": 796
      }
    },
    "test": {
      "accuracy": 0.9311791694443355,
      "precision": 0.03427065026362039,
      "recall": 0.35454545454545455,
      "f1": 0.0625,
      "roc_auc": 0.7917131463567365,
      "gini": 0.583426292713473,
      "confusion_matrix": {
        "tn": 142125,
        "fp": 9891,
        "fn": 639,
        "tp": 351
      }
    }
  },
  "GB": {
    "train": {
      "accuracy": 0.998642933351755,
      "precision": 0.863584344243534,
      "recall": 0.7629929221435794,
      "f1": 0.8101782263259609,
      "roc_auc": 0.9839541641727956,
      "gini": 0.9679083283455912,
      "confusion_matrix": {
        "tn": 1297269,
        "fp": 596,
        "fn": 1172,
        "tp": 3773
      }
    },
    "val": {
      "accuracy": 0.9755931794148355,
      "precision": 0.01332720588235294,
      "recall": 0.047443762781186095,
      "f1": 0.020809041169611624,
      "roc_auc": 0.7277358946420209,
      "gini": 0.45547178928404186,
      "confusion_matrix": {
        "tn": 436260,
        "fp": 8588,
        "fn": 2329,
        "tp": 116
      }
    },
    "test": {
      "accuracy": 0.9712625648667372,
      "precision": 0.016188582788980402,
      "recall": 0.05757575757575758,
      "f1": 0.025271558412768787,
      "roc_auc": 0.7148104957585538,
      "gini": 0.42962099151710764,
      "confusion_matrix": {
        "tn": 148552,
        "fp": 3464,
        "fn": 933,
        "tp": 57
      }
    }
  },
  "XGB": {
    "train": {
      "accuracy": 0.9998196206660986,
      "precision": 0.9546332046332047,
      "recall": 1.0,
      "f1": 0.9767901234567902,
      "roc_auc": 0.9999992388526296,
      "gini": 0.9999984777052593,
      "confusion_matrix": {
        "tn": 1297630,
        "fp": 235,
        "fn": 0,
        "tp": 4945
      }
    },
    "val": {
      "accuracy": 0.994475656896039,
      "precision": 0.0,
      "recall": 0.0,
      "f1": 0.0,
      "roc_auc": 0.7572062421615651,
      "gini": 0.5144124843231301,
      "confusion_matrix": {
        "tn": 444822,
        "fp": 26,
        "fn": 2445,
        "tp": 0
      }
    },
    "test": {
      "accuracy": 0.9935296655033136,
      "precision": 0.0,
      "recall": 0.0,
      "f1": 0.0,
      "roc_auc": 0.737541363269576,
      "gini": 0.47508272653915196,
      "confusion_matrix": {
        "tn": 152016,
        "fp": 0,
        "fn": 990,
        "tp": 0
      }
    }
  },
  "LGBM": {
    "train": {
      "accuracy": 0.9473031370652666,
      "precision": 0.06718841288604464,
      "recall": 1.0,
      "f1": 0.12591668364228967,
      "roc_auc": 0.9983992650105458,
      "gini": 0.9967985300210915,
      "confusion_matrix": {
        "tn": 1229211,
        "fp": 68654,
        "fn": 0,
        "tp": 4945
      }
    },
    "val": {
      "accuracy": 0.9365315352576499,
      "precision": 0.02573852003509798,
      "recall": 0.2879345603271984,
      "f1": 0.047253079169043866,
      "roc_auc": 0.7651976545174282,
      "gini": 0.5303953090348563,
      "confusion_matrix": {
        "tn": 418200,
        "fp": 26648,
        "fn": 1741,
        "tp": 704
      }
    },
    "test": {
      "accuracy": 0.9438584107812765,
      "precision": 0.03201970443349754,
      "recall": 0.26262626262626265,
      "f1": 0.0570801317233809,
      "roc_auc": 0.7569602754468163,
      "gini": 0.5139205508936326,
      "confusion_matrix": {
        "tn": 144156,
        "fp": 7860,
        "fn": 730,
        "tp": 260
      }
    }
  }
}