{
  "RF": {
    "train": {
      "accuracy": 0.9209488563975005,
      "precision": 0.7960975609756098,
      "recall": 0.9900910010111224,
      "f1": 0.8825597115817936,
      "roc_auc": 0.9915674254203064,
      "gini": 0.9831348508406128,
      "confusion_matrix": {
        "tn": 10284,
        "fp": 1254,
        "fn": 49,
        "tp": 4896
      }
    },
    "val": {
      "accuracy": 0.7484662576687117,
      "precision": 0.5836509953409572,
      "recall": 0.56359918200409,
      "f1": 0.5734498543487307,
      "roc_auc": 0.7953550593333798,
      "gini": 0.5907101186667596,
      "confusion_matrix": {
        "tn": 4722,
        "fp": 983,
        "fn": 1067,
        "tp": 1378
      }
    },
    "test": {
      "accuracy": 0.8409474138269087,
      "precision": 0.024521384928716906,
      "recall": 0.6080808080808081,
      "f1": 0.047141738449490996,
      "roc_auc": 0.7945895713795146,
      "gini": 0.5891791427590292,
      "confusion_matrix": {
        "tn": 128068,
        "fp": 23948,
        "fn": 388,
        "tp": 602
      }
    }
  },
  "GB": {
    "train": {
      "accuracy": 0.9999393314323849,
      "precision": 0.9997978164173069,
      "recall": 1.0,
      "f1": 0.99989889798807,
      "roc_auc": 0.9999999824731783,
      "gini": 0.9999999649463567,
      "confusion_matrix": {
        "tn": 11537,
        "fp": 1,
        "fn": 0,
        "tp": 4945
      }
    },
    "val": {
      "accuracy": 0.7277300613496932,
      "precision": 0.7084870848708487,
      "recall": 0.1570552147239264,
      "f1": 0.25711416136591897,
      "roc_auc": 0.7709020716947248,
      "gini": 0.5418041433894496,
      "confusion_matrix": {
        "tn": 5547,
        "fp": 158,
        "fn": 2061,
        "tp": 384
      }
    },
    "test": {
      "accuracy": 0.9710403513587702,
      "precision": 0.03285365191420038,
      "recall": 0.12222222222222222,
      "f1": 0.051786860689064844,
      "roc_auc": 0.774387461474018,
      "gini": 0.5487749229480361,
      "confusion_matrix": {
        "tn": 148454,
        "fp": 3562,
        "fn": 869,
        "tp": 121
      }
    }
  },
  "XGB": {
    "train": {
      "accuracy": 0.9946611660498695,
      "precision": 0.9825153983707531,
      "recall": 1.0,
      "f1": 0.991180597314091,
      "roc_auc": 1.0,
      "gini": 1.0,
      "confusion_matrix": {
        "tn": 11450,
        "fp": 88,
        "fn": 0,
        "tp": 4945
      }
    },
    "val": {
      "accuracy": 0.7525153374233129,
      "precision": 0.6378865979381443,
      "recall": 0.4049079754601227,
      "f1": 0.49537152864648487,
      "roc_auc": 0.7747692351809932,
      "gini": 0.5495384703619863,
      "confusion_matrix": {
        "tn": 5143,
        "fp": 562,
        "fn": 1455,
        "tp": 990
      }
    },
    "test": {
      "accuracy": 0.9046442623165105,
      "precision": 0.026923612077361905,
      "recall": 0.39090909090909093,
      "f1": 0.05037750585784952,
      "roc_auc": 0.7635393310539347,
      "gini": 0.5270786621078694,
      "confusion_matrix": {
        "tn": 138029,
        "fp": 13987,
        "fn": 603,
        "tp": 387
      }
    }
  },
  "LGBM": {
    "train": {
      "accuracy": 0.9817387611478493,
      "precision": 0.9426229508196722,
      "recall": 1.0,
      "f1": 0.9704641350210971,
      "roc_auc": 0.99985571920349,
      "gini": 0.9997114384069801,
      "confusion_matrix": {
        "tn": 11237,
        "fp": 301,
        "fn": 0,
        "tp": 4945
      }
    },
    "val": {
      "accuracy": 0.7411042944785277,
      "precision": 0.6148046607265251,
      "recall": 0.36687116564417177,
      "f1": 0.45952868852459017,
      "roc_auc": 0.7698881080528865,
      "gini": 0.5397762161057731,
      "confusion_matrix": {
        "tn": 5143,
        "fp": 562,
        "fn": 1548,
        "tp": 897
      }
    },
    "test": {
      "accuracy": 0.9120034508450648,
      "precision": 0.025559105431309903,
      "recall": 0.3393939393939394,
      "f1": 0.04753820033955857,
      "roc_auc": 0.7604773660188879,
      "gini": 0.5209547320377759,
      "confusion_matrix": {
        "tn": 139206,
        "fp": 12810,
        "fn": 654,
        "tp": 336
      }
    }
  }
}