{
  "RF": {
    "train": {
      "accuracy": 0.8304752275025278,
      "precision": 0.3672176734126371,
      "recall": 0.9613751263902932,
      "f1": 0.5314403890224135,
      "roc_auc": 0.9656573414173139,
      "gini": 0.9313146828346277,
      "confusion_matrix": {
        "tn": 36313,
        "fp": 8192,
        "fn": 191,
        "tp": 4754
      }
    },
    "val": {
      "accuracy": 0.7462167689161554,
      "precision": 0.2226320448509885,
      "recall": 0.6171779141104294,
      "f1": 0.3272254147240594,
      "roc_auc": 0.7789028520660624,
      "gini": 0.5578057041321247,
      "confusion_matrix": {
        "tn": 16736,
        "fp": 5269,
        "fn": 936,
        "tp": 1509
      }
    },
    "test": {
      "accuracy": 0.794857717997987,
      "precision": 0.019201569024421106,
      "recall": 0.6131313131313131,
      "f1": 0.03723697932642169,
      "roc_auc": 0.7826198119496193,
      "gini": 0.5652396238992385,
      "confusion_matrix": {
        "tn": 121011,
        "fp": 31005,
        "fn": 383,
        "tp": 607
      }
    }
  },
  "GB": {
    "train": {
      "accuracy": 0.9723559150657229,
      "precision": 0.9850867678958786,
      "recall": 0.7346814964610718,
      "f1": 0.8416541179196108,
      "roc_auc": 0.9974926801262601,
      "gini": 0.9949853602525203,
      "confusion_matrix": {
        "tn": 44450,
        "fp": 55,
        "fn": 1312,
        "tp": 3633
      }
    },
    "val": {
      "accuracy": 0.8993047034764826,
      "precision": 0.46996466431095407,
      "recall": 0.05439672801635992,
      "f1": 0.09750733137829912,
      "roc_auc": 0.7799396493360637,
      "gini": 0.5598792986721275,
      "confusion_matrix": {
        "tn": 21855,
        "fp": 150,
        "fn": 2312,
        "tp": 133
      }
    },
    "test": {
      "accuracy": 0.9878501496673333,
      "precision": 0.02823018458197611,
      "recall": 0.026262626262626262,
      "f1": 0.027210884353741496,
      "roc_auc": 0.7662999455666017,
      "gini": 0.5325998911332035,
      "confusion_matrix": {
        "tn": 151121,
        "fp": 895,
        "fn": 964,
        "tp": 26
      }
    }
  },
  "XGB": {
    "train": {
      "accuracy": 0.9904954499494438,
      "precision": 0.9132040627885504,
      "recall": 1.0,
      "f1": 0.9546332046332047,
      "roc_auc": 0.9999645874306167,
      "gini": 0.9999291748612333,
      "confusion_matrix": {
        "tn": 44035,
        "fp": 470,
        "fn": 0,
        "tp": 4945
      }
    },
    "val": {
      "accuracy": 0.8880163599182004,
      "precision": 0.3720524017467249,
      "recall": 0.17423312883435582,
      "f1": 0.2373259052924791,
      "roc_auc": 0.7648266033607346,
      "gini": 0.5296532067214692,
      "confusion_matrix": {
        "tn": 21286,
        "fp": 719,
        "fn": 2019,
        "tp": 426
      }
    },
    "test": {
      "accuracy": 0.9692299648379802,
      "precision": 0.03291457286432161,
      "recall": 0.13232323232323231,
      "f1": 0.05271629778672032,
      "roc_auc": 0.7525598348764989,
      "gini": 0.5051196697529978,
      "confusion_matrix": {
        "tn": 148167,
        "fp": 3849,
        "fn": 859,
        "tp": 131
      }
    }
  },
  "LGBM": {
    "train": {
      "accuracy": 0.9241253791708797,
      "precision": 0.5686026451983899,
      "recall": 0.9997977755308393,
      "f1": 0.7249266862170088,
      "roc_auc": 0.9944690732991567,
      "gini": 0.9889381465983134,
      "confusion_matrix": {
        "tn": 40754,
        "fp": 3751,
        "fn": 1,
        "tp": 4944
      }
    },
    "val": {
      "accuracy": 0.8325562372188139,
      "precision": 0.27830061844581877,
      "recall": 0.4233128834355828,
      "f1": 0.3358208955223881,
      "roc_auc": 0.7659518356350504,
      "gini": 0.5319036712701009,
      "confusion_matrix": {
        "tn": 19321,
        "fp": 2684,
        "fn": 1410,
        "tp": 1035
      }
    },
    "test": {
      "accuracy": 0.8781485693371501,
      "precision": 0.022038119991336366,
      "recall": 0.4111111111111111,
      "f1": 0.041833693082536746,
      "roc_auc": 0.7658490925729242,
      "gini": 0.5316981851458484,
      "confusion_matrix": {
        "tn": 133955,
        "fp": 18061,
        "fn": 583,
        "tp": 407
      }
    }
  }
}