{
  "model_name": "xgb",
  "best_hyperparameters": {
    "n_estimators": 250,
    "max_depth": 13,
    "learning_rate": 0.0269076743008902,
    "min_child_weight": 11,
    "subsample": 0.9,
    "colsample_bytree": 0.6,
    "reg_alpha": 0.0,
    "reg_lambda": 2.5,
    "scale_pos_weight": 14.0
  },
  "optimization": {
    "n_trials": 25,
    "best_validation_roc_auc": 0.7940739625545227,
    "best_validation_gini": 0.5881479251090453,
    "tuning_time_seconds": 113.721455
  },
  "train_metrics": {
    "accuracy": 0.925783619817998,
    "precision": 0.8707518929388977,
    "recall": 1.0,
    "f1": 0.9309111445783133,
    "roc_auc": 0.999917188159747,
    "gini": 0.9998343763194939,
    "confusion_matrix": {
      "tn": 4211,
      "fp": 734,
      "fn": 0,
      "tp": 4945
    }
  },
  "val_metrics": {
    "accuracy": 0.7147239263803681,
    "precision": 0.6918859649122807,
    "recall": 0.7742331288343558,
    "f1": 0.7307469600463231,
    "roc_auc": 0.7940739625545227,
    "gini": 0.5881479251090453,
    "confusion_matrix": {
      "tn": 1602,
      "fp": 843,
      "fn": 552,
      "tp": 1893
    }
  },
  "test_metrics": {
    "accuracy": 0.6406154007032404,
    "precision": 0.013724289470840388,
    "recall": 0.7696969696969697,
    "f1": 0.026967723669309173,
    "roc_auc": 0.784114710413258,
    "gini": 0.568229420826516,
    "confusion_matrix": {
      "tn": 97256,
      "fp": 54760,
      "fn": 228,
      "tp": 762
    }
  },
  "trial_history": [
    {
      "trial": 0,
      "validation_roc_auc": 0.7844947118822688,
      "validation_gini": 0.5689894237645376,
      "params": {
        "n_estimators": 400,
        "max_depth": 11,
        "learning_rate": 0.021316126051113923,
        "min_child_weight": 5,
        "subsample": 0.8,
        "colsample_bytree": 0.6,
        "reg_alpha": 0.7000000000000001,
        "reg_lambda": 2.5,
        "scale_pos_weight": 18.0
      }
    },
    {
      "trial": 1,
      "validation_roc_auc": 0.7885138486373007,
      "validation_gini": 0.5770276972746013,
      "params": {
        "n_estimators": 300,
        "max_depth": 15,
        "learning_rate": 0.020073692299297844,
        "min_child_weight": 9,
        "subsample": 0.8,
        "colsample_bytree": 0.8,
        "reg_alpha": 0.8,
        "reg_lambda": 1.5,
        "scale_pos_weight": 17.0
      }
    },
    {
      "trial": 2,
      "validation_roc_auc": 0.7888929035927418,
      "validation_gini": 0.5777858071854836,
      "params": {
        "n_estimators": 350,
        "max_depth": 5,
        "learning_rate": 0.01988629347030566,
        "min_child_weight": 11,
        "subsample": 0.7,
        "colsample_bytree": 0.7,
        "reg_alpha": 0.1,
        "reg_lambda": 1.0,
        "scale_pos_weight": 18.0
      }
    },
    {
      "trial": 3,
      "validation_roc_auc": 0.7940739625545227,
      "validation_gini": 0.5881479251090453,
      "params": {
        "n_estimators": 250,
        "max_depth": 13,
        "learning_rate": 0.0269076743008902,
        "min_child_weight": 11,
        "subsample": 0.9,
        "colsample_bytree": 0.6,
        "reg_alpha": 0.0,
        "reg_lambda": 2.5,
        "scale_pos_weight": 14.0
      }
    },
    {
      "trial": 4,
      "validation_roc_auc": 0.7745725385892498,
      "validation_gini": 0.5491450771784996,
      "params": {
        "n_estimators": 250,
        "max_depth": 7,
        "learning_rate": 0.05129184181147661,
        "min_child_weight": 3,
        "subsample": 0.8,
        "colsample_bytree": 0.8,
        "reg_alpha": 0.1,
        "reg_lambda": 2.5,
        "scale_pos_weight": 18.0
      }
    },
    {
      "trial": 5,
      "validation_roc_auc": 0.7905268880608562,
      "validation_gini": 0.5810537761217125,
      "params": {
        "n_estimators": 300,
        "max_depth": 15,
        "learning_rate": 0.02671240957985952,
        "min_child_weight": 3,
        "subsample": 0.9,
        "colsample_bytree": 0.6,
        "reg_alpha": 0.30000000000000004,
        "reg_lambda": 2.0,
        "scale_pos_weight": 12.0
      }
    },
    {
      "trial": 6,
      "validation_roc_auc": 0.7759253265083367,
      "validation_gini": 0.5518506530166734,
      "params": {
        "n_estimators": 150,
        "max_depth": 15,
        "learning_rate": 0.10069647818672342,
        "min_child_weight": 15,
        "subsample": 1.0,
        "colsample_bytree": 1.0,
        "reg_alpha": 0.8,
        "reg_lambda": 2.5,
        "scale_pos_weight": 10.0
      }
    },
    {
      "trial": 7,
      "validation_roc_auc": 0.7913452185295311,
      "validation_gini": 0.5826904370590622,
      "params": {
        "n_estimators": 200,
        "max_depth": 11,
        "learning_rate": 0.034719739692112034,
        "min_child_weight": 15,
        "subsample": 0.6,
        "colsample_bytree": 0.9,
        "reg_alpha": 0.0,
        "reg_lambda": 2.5,
        "scale_pos_weight": 14.0
      }
    },
    {
      "trial": 8,
      "validation_roc_auc": 0.7691445753405179,
      "validation_gini": 0.5382891506810359,
      "params": {
        "n_estimators": 100,
        "max_depth": 5,
        "learning_rate": 0.010049228900193313,
        "min_child_weight": 3,
        "subsample": 1.0,
        "colsample_bytree": 1.0,
        "reg_alpha": 0.4,
        "reg_lambda": 1.5,
        "scale_pos_weight": 12.0
      }
    },
    {
      "trial": 9,
      "validation_roc_auc": 0.7893200513547535,
      "validation_gini": 0.5786401027095069,
      "params": {
        "n_estimators": 100,
        "max_depth": 5,
        "learning_rate": 0.06254669472796039,
        "min_child_weight": 11,
        "subsample": 0.8,
        "colsample_bytree": 0.8,
        "reg_alpha": 1.0,
        "reg_lambda": 3.0,
        "scale_pos_weight": 16.0
      }
    },
    {
      "trial": 10,
      "validation_roc_auc": 0.7634162620597938,
      "validation_gini": 0.5268325241195877,
      "params": {
        "n_estimators": 200,
        "max_depth": 9,
        "learning_rate": 0.17821814490307936,
        "min_child_weight": 7,
        "subsample": 0.9,
        "colsample_bytree": 0.7,
        "reg_alpha": 0.30000000000000004,
        "reg_lambda": 0.5,
        "scale_pos_weight": 20.0
      }
    },
    {
      "trial": 11,
      "validation_roc_auc": 0.7904901702485352,
      "validation_gini": 0.5809803404970704,
      "params": {
        "n_estimators": 200,
        "max_depth": 11,
        "learning_rate": 0.031016711792940847,
        "min_child_weight": 15,
        "subsample": 0.6,
        "colsample_bytree": 0.9,
        "reg_alpha": 0.0,
        "reg_lambda": 3.0,
        "scale_pos_weight": 14.0
      }
    },
    {
      "trial": 12,
      "validation_roc_auc": 0.7930020366258087,
      "validation_gini": 0.5860040732516174,
      "params": {
        "n_estimators": 200,
        "max_depth": 13,
        "learning_rate": 0.011410770763705436,
        "min_child_weight": 13,
        "subsample": 0.6,
        "colsample_bytree": 0.9,
        "reg_alpha": 0.0,
        "reg_lambda": 2.0,
        "scale_pos_weight": 14.0
      }
    },
    {
      "trial": 13,
      "validation_roc_auc": 0.7916158764809449,
      "validation_gini": 0.5832317529618898,
      "params": {
        "n_estimators": 250,
        "max_depth": 13,
        "learning_rate": 0.011090240251376787,
        "min_child_weight": 11,
        "subsample": 0.7,
        "colsample_bytree": 0.9,
        "reg_alpha": 0.2,
        "reg_lambda": 2.0,
        "scale_pos_weight": 13.0
      }
    },
    {
      "trial": 14,
      "validation_roc_auc": 0.7912764667260508,
      "validation_gini": 0.5825529334521016,
      "params": {
        "n_estimators": 300,
        "max_depth": 13,
        "learning_rate": 0.014285200039987482,
        "min_child_weight": 13,
        "subsample": 0.9,
        "colsample_bytree": 0.7,
        "reg_alpha": 0.5,
        "reg_lambda": 2.0,
        "scale_pos_weight": 15.0
      }
    },
    {
      "trial": 15,