{
  "model_name": "xgb",
  "best_hyperparameters": {
    "n_estimators": 250,
    "max_depth": 15,
    "learning_rate": 0.015174023949468889,
    "min_child_weight": 15,
    "subsample": 1.0,
    "colsample_bytree": 0.7,
    "reg_alpha": 0.7000000000000001,
    "reg_lambda": 1.0,
    "scale_pos_weight": 11.0
  },
  "optimization": {
    "n_trials": 25,
    "best_validation_roc_auc": 0.7916271678355309,
    "best_validation_gini": 0.5832543356710618,
    "tuning_time_seconds": 257.887657
  },
  "train_metrics": {
    "accuracy": 0.9496865520728008,
    "precision": 0.7989982226530942,
    "recall": 1.0,
    "f1": 0.8882701634632657,
    "roc_auc": 0.9998707112923657,
    "gini": 0.9997414225847314,
    "confusion_matrix": {
      "tn": 18536,
      "fp": 1244,
      "fn": 0,
      "tp": 4945
    }
  },
  "val_metrics": {
    "accuracy": 0.7928016359918201,
    "precision": 0.4814032121724429,
    "recall": 0.4658486707566462,
    "f1": 0.4734982332155477,
    "roc_auc": 0.7916271678355309,
    "gini": 0.5832543356710618,
    "confusion_matrix": {
      "tn": 8553,
      "fp": 1227,
      "fn": 1306,
      "tp": 1139
    }
  },
  "test_metrics": {
    "accuracy": 0.878155105028561,
    "precision": 0.028926722527619148,
    "recall": 0.5474747474747474,
    "f1": 0.054950068434125816,
    "roc_auc": 0.7840372863462538,
    "gini": 0.5680745726925076,
    "confusion_matrix": {
      "tn": 133821,
      "fp": 18195,
      "fn": 448,
      "tp": 542
    }
  },
  "trial_history": [
    {
      "trial": 0,
      "validation_roc_auc": 0.7799823938508119,
      "validation_gini": 0.5599647877016238,
      "params": {
        "n_estimators": 300,
        "max_depth": 11,
        "learning_rate": 0.030660563166931828,
        "min_child_weight": 9,
        "subsample": 0.6,
        "colsample_bytree": 1.0,
        "reg_alpha": 0.2,
        "reg_lambda": 1.5,
        "scale_pos_weight": 13.0
      }
    },
    {
      "trial": 1,
      "validation_roc_auc": 0.7741889043622266,
      "validation_gini": 0.5483778087244533,
      "params": {
        "n_estimators": 300,
        "max_depth": 11,
        "learning_rate": 0.0385250523534906,
        "min_child_weight": 3,
        "subsample": 0.7,
        "colsample_bytree": 0.9,
        "reg_alpha": 0.5,
        "reg_lambda": 0.5,
        "scale_pos_weight": 11.0
      }
    },
    {
      "trial": 2,
      "validation_roc_auc": 0.7631647785012607,
      "validation_gini": 0.5263295570025215,
      "params": {
        "n_estimators": 250,
        "max_depth": 13,
        "learning_rate": 0.16352697666454985,
        "min_child_weight": 7,
        "subsample": 0.8,
        "colsample_bytree": 1.0,
        "reg_alpha": 0.30000000000000004,
        "reg_lambda": 1.5,
        "scale_pos_weight": 15.0
      }
    },
    {
      "trial": 3,
      "validation_roc_auc": 0.7783857544924955,
      "validation_gini": 0.556771508984991,
      "params": {
        "n_estimators": 150,
        "max_depth": 7,
        "learning_rate": 0.052381947015803156,
        "min_child_weight": 15,
        "subsample": 0.9,
        "colsample_bytree": 1.0,
        "reg_alpha": 1.0,
        "reg_lambda": 2.0,
        "scale_pos_weight": 18.0
      }
    },
    {
      "trial": 4,
      "validation_roc_auc": 0.785614416968815,
      "validation_gini": 0.5712288339376299,
      "params": {
        "n_estimators": 250,
        "max_depth": 9,
        "learning_rate": 0.012795184473186455,
        "min_child_weight": 1,
        "subsample": 0.8,
        "colsample_bytree": 0.6,
        "reg_alpha": 0.2,
        "reg_lambda": 3.0,
        "scale_pos_weight": 19.0
      }
    },
    {
      "trial": 5,
      "validation_roc_auc": 0.7770872905349175,
      "validation_gini": 0.5541745810698351,
      "params": {
        "n_estimators": 350,
        "max_depth": 13,
        "learning_rate": 0.07813395181581902,
        "min_child_weight": 7,
        "subsample": 0.8,
        "colsample_bytree": 0.6,
        "reg_alpha": 0.9,
        "reg_lambda": 1.5,
        "scale_pos_weight": 10.0
      }
    },
    {
      "trial": 6,
      "validation_roc_auc": 0.7732327148180211,
      "validation_gini": 0.5464654296360423,
      "params": {
        "n_estimators": 300,
        "max_depth": 7,
        "learning_rate": 0.04699407089424344,
        "min_child_weight": 1,
        "subsample": 0.9,
        "colsample_bytree": 0.6,
        "reg_alpha": 0.4,
        "reg_lambda": 3.0,
        "scale_pos_weight": 10.0
      }
    },
    {
      "trial": 7,
      "validation_roc_auc": 0.7590073017426324,
      "validation_gini": 0.5180146034852648,
      "params": {
        "n_estimators": 400,
        "max_depth": 9,
        "learning_rate": 0.1391832019058144,
        "min_child_weight": 9,
        "subsample": 0.7,
        "colsample_bytree": 1.0,
        "reg_alpha": 0.2,
        "reg_lambda": 3.0,
        "scale_pos_weight": 15.0
      }
    },
    {
      "trial": 8,
      "validation_roc_auc": 0.7725826046227643,
      "validation_gini": 0.5451652092455286,
      "params": {
        "n_estimators": 350,
        "max_depth": 13,
        "learning_rate": 0.08163313163713903,
        "min_child_weight": 11,
        "subsample": 1.0,
        "colsample_bytree": 1.0,
        "reg_alpha": 0.5,
        "reg_lambda": 2.0,
        "scale_pos_weight": 19.0
      }
    },
    {
      "trial": 9,
      "validation_roc_auc": 0.7880856762894098,
      "validation_gini": 0.5761713525788197,
      "params": {
        "n_estimators": 300,
        "max_depth": 15,
        "learning_rate": 0.01732980499809082,
        "min_child_weight": 3,
        "subsample": 1.0,
        "colsample_bytree": 0.7,
        "reg_alpha": 1.0,
        "reg_lambda": 0.5,
        "scale_pos_weight": 11.0
      }
    },
    {
      "trial": 10,
      "validation_roc_auc": 0.7786815043429894,
      "validation_gini": 0.5573630086859789,
      "params": {
        "n_estimators": 100,
        "max_depth": 15,
        "learning_rate": 0.01139075166827818,
        "min_child_weight": 5,
        "subsample": 1.0,
        "colsample_bytree": 0.8,
        "reg_alpha": 0.8,
        "reg_lambda": 0.5,
        "scale_pos_weight": 13.0
      }
    },
    {
      "trial": 11,
      "validation_roc_auc": 0.7795950376587585,
      "validation_gini": 0.559190075317517,
      "params": {
        "n_estimators": 200,
        "max_depth": 5,
        "learning_rate": 0.011757658639619993,
        "min_child_weight": 1,
        "subsample": 0.9,
        "colsample_bytree": 0.7,
        "reg_alpha": 0.0,
        "reg_lambda": 2.5,
        "scale_pos_weight": 20.0
      }
    },
    {
      "trial": 12,
      "validation_roc_auc": 0.7828315162616416,
      "validation_gini": 0.5656630325232832,
      "params": {
        "n_estimators": 200,
        "max_depth": 9,
        "learning_rate": 0.018815035864346002,
        "min_child_weight": 3,
        "subsample": 0.7,
        "colsample_bytree": 0.7,
        "reg_alpha": 0.7000000000000001,
        "reg_lambda": 1.0,
        "scale_pos_weight": 17.0
      }
    },
    {
      "trial": 13,
      "validation_roc_auc": 0.7878991389296631,
      "validation_gini": 0.5757982778593262,
      "params": {
        "n_estimators": 250,
        "max_depth": 15,
        "learning_rate": 0.019864484534354233,
        "min_child_weight": 3,
        "subsample": 1.0,
        "colsample_bytree": 0.7,
        "reg_alpha": 0.7000000000000001,
        "reg_lambda": 2.5,
        "scale_pos_weight": 16.0
      }
    },
    {
      "trial": 14,
      "validation_roc_auc": 0.7853213644974719,
      "validation_gini": 0.5706427289949438,
      "params": {
        "n_estimators": 200,
        "max_depth": 15,
        "learning_rate": 0.0226268638615969,
        "min_child_weight": 5,
        "subsample": 1.0,
        "colsample_bytree": 0.7,
        "reg_alpha": 0.8,
        "reg_lambda": 2.5,
        "scale_pos_weight": 15.0
      }
    },
    {
      "trial": 15,