{
  "best_operating_points": {
    "best_f1": {
      "threshold": 0.20000000000000004,
      "metrics": {
        "precision": 0.2648221343873518,
        "recall": 0.30454545454545456,
        "f1": 0.2832980972515856,
        "accuracy": 0.8767272727272727,
        "roc_auc": 0.734690980955803,
        "tp": 67,
        "fp": 186,
        "tn": 2344,
        "fn": 153,
        "threshold": 0.20000000000000004
      }
    },
    "best_precision": {
      "threshold": 0.8500000000000002,
      "metrics": {
        "precision": 0.8260869565217391,
        "recall": 0.08636363636363636,
        "f1": 0.15637860082304528,
        "accuracy": 0.9254545454545454,
        "roc_auc": 0.734690980955803,
        "tp": 19,
        "fp": 4,
        "tn": 2526,
        "fn": 201,
        "threshold": 0.8500000000000002
      }
    },
    "best_recall": {
      "threshold": 0.1,
      "metrics": {
        "precision": 0.20051413881748073,
        "recall": 0.35454545454545455,
        "f1": 0.2561576354679803,
        "accuracy": 0.8352727272727273,
        "roc_auc": 0.734690980955803,
        "tp": 78,
        "fp": 311,
        "tn": 2219,
        "fn": 142,
        "threshold": 0.1
      }
    },
    "best_balanced": {
      "threshold": 0.20000000000000004,
      "metrics": {
        "precision": 0.2648221343873518,
        "recall": 0.30454545454545456,
        "f1": 0.2832980972515856,
        "accuracy": 0.8767272727272727,
        "roc_auc": 0.734690980955803,
        "tp": 67,
        "fp": 186,
        "tn": 2344,
        "fn": 153,
        "threshold": 0.20000000000000004
      }
    }
  },
  "all_thresholds": {
    "train": [
      {
        "precision": 0.8447085273807612,
        "recall": 0.9981024667931688,
        "f1": 0.9150213099069322,
        "accuracy": 0.985168880455408,
        "roc_auc": 0.9998649747243441,
        "tp": 5260,
        "fp": 967,
        "tn": 59638,
        "fn": 10,
        "threshold": 0.1
      },
      {
        "precision": 0.893725556878082,
        "recall": 0.9973434535104364,
        "f1": 0.9426957223567393,
        "accuracy": 0.9902998102466793,
        "roc_auc": 0.9998649747243441,
        "tp": 5256,
        "fp": 625,
        "tn": 59980,
        "fn": 14,
        "threshold": 0.15000000000000002
      },
      {
        "precision": 0.9248239436619718,
        "recall": 0.9967741935483871,
        "f1": 0.9594520547945206,
        "accuracy": 0.9932599620493359,
        "roc_auc": 0.9998649747243441,
        "tp": 5253,
        "fp": 427,
        "tn": 60178,
        "fn": 17,
        "threshold": 0.20000000000000004
      },
      {
        "precision": 0.9520958083832335,
        "recall": 0.9956356736242884,
        "f1": 0.9733790928485299,
        "accuracy": 0.9956432637571158,
        "roc_auc": 0.9998649747243441,
        "tp": 5247,
        "fp": 264,
        "tn": 60341,
        "fn": 23,
        "threshold": 0.25000000000000006
      },
      {
        "precision": 0.9678313921242374,
        "recall": 0.9933586337760911,
        "f1": 0.9804288791085307,
        "accuracy": 0.9968273244781783,
        "roc_auc": 0.9998649747243441,
        "tp": 5235,
        "fp": 174,
        "tn": 60431,
        "fn": 35,
        "threshold": 0.30000000000000004
      },
      {
        "precision": 0.9804878048780488,
        "recall": 0.9916508538899431,
        "f1": 0.9860377358490566,
        "accuracy": 0.997753320683112,
        "roc_auc": 0.9998649747243441,
        "tp": 5226,
        "fp": 104,
        "tn": 60501,
        "fn": 44,
        "threshold": 0.3500000000000001
      },
      {
        "precision": 0.9876917250520735,
        "recall": 0.989753320683112,
        "f1": 0.9887214482039617,
        "accuracy": 0.9981935483870967,
        "roc_auc": 0.9998649747243441,
        "tp": 5216,
        "fp": 65,
        "tn": 60540,
        "fn": 54,
        "threshold": 0.40000000000000013
      },
      {
        "precision": 0.992003046458492,
        "recall": 0.9886148007590133,
        "f1": 0.9903060254704429,
        "accuracy": 0.9984516129032258,
        "roc_auc": 0.9998649747243441,
        "tp": 5210,
        "fp": 42,
        "tn": 60563,
        "fn": 60,
        "threshold": 0.45000000000000007
      },
      {
        "precision": 0.9940760557997325,
        "recall": 0.9870967741935484,
        "f1": 0.9905741216795202,
        "accuracy": 0.9984971537001898,
        "roc_auc": 0.9998649747243441,
        "tp": 5202,
        "fp": 31,
        "tn": 60574,
        "fn": 68,
        "threshold": 0.5000000000000001
      },
      {
        "precision": 0.9961590167082773,
        "recall": 0.9842504743833017,
        "f1": 0.9901689414908847,
        "accuracy": 0.9984364326375712,
        "roc_auc": 0.9998649747243441,
        "tp": 5187,
        "fp": 20,
        "tn": 60585,
        "fn": 83,
        "threshold": 0.5500000000000002
      },
      {
        "precision": 0.9972993827160493,
        "recall": 0.9810246679316889,
        "f1": 0.9890950832217333,
        "accuracy": 0.99826944971537,
        "roc_auc": 0.9998649747243441,
        "tp": 5170,
        "fp": 14,
        "tn": 60591,
        "fn": 100,
        "threshold": 0.6000000000000002
      },
      {
        "precision": 0.9978586723768736,
        "recall": 0.9726755218216319,
        "f1": 0.9851061785336792,
        "accuracy": 0.9976470588235294,
        "roc_auc": 0.9998649747243441,
        "tp": 5126,
        "fp": 11,
        "tn": 60594,
        "fn": 144,
        "threshold": 0.6500000000000001
      },
      {
        "precision": 0.9983302024629513,
        "recall": 0.9075901328273245,
        "f1": 0.9508001192724381,
        "accuracy": 0.9924857685009487,
        "roc_auc": 0.9998649747243441,
        "tp": 4783,
        "fp": 8,
        "tn": 60597,
        "fn": 487,
        "threshold": 0.7000000000000002
      },
      {
        "precision": 0.9989339019189766,
        "recall": 0.8889943074003795,
        "f1": 0.9407630522088354,
        "accuracy": 0.9910436432637572,
        "roc_auc": 0.9998649747243441,
        "tp": 4685,
        "fp": 5,
        "tn": 60600,
        "fn": 585,
        "threshold": 0.7500000000000002
      },
      {
        "precision": 0.9995546648853262,
        "recall": 0.8518026565464896,
        "f1": 0.9197828091384079,
        "accuracy": 0.9881138519924099,
        "roc_auc": 0.9998649747243441,
        "tp": 4489,
        "fp": 2,
        "tn": 60603,
        "fn": 781,
        "threshold": 0.8000000000000002
      },
      {
        "precision": 0.9997704315886135,
        "recall": 0.8263757115749526,
        "f1": 0.9048410554747559,
        "accuracy": 0.9860948766603416,
        "roc_auc": 0.9998649747243441,
        "tp": 4355,
        "fp": 1,
        "tn": 60604,
        "fn": 915,
        "threshold": 0.8500000000000002
      },
      {
        "precision": 1.0,
        "recall": 0.7793168880455408,
        "f1": 0.8759731257331769,
        "accuracy": 0.9823453510436433,
        "roc_auc": 0.9998649747243441,
        "tp": 4107,
        "fp": 0,
        "tn": 60605,
        "fn": 1163,
        "threshold": 0.9000000000000002
      },
      {
        "precision": 1.0,
        "recall": 0.6962049335863377,
        "f1": 0.820897192079651,
        "accuracy": 0.975696394686907,
        "roc_auc": 0.9998649747243441,
        "tp": 3669,
        "fp": 0,
        "tn": 60605,
        "fn": 1601,
        "threshold": 0.9500000000000003
      }
    ],
    "validation": [
      {
        "precision": 0.18311874105865522,
        "recall": 0.256,
        "f1": 0.213511259382819,
        "accuracy": 0.84912,
        "roc_auc": 0.6663625217391305,
        "tp": 256,
        "fp": 1142,
        "tn": 10358,
        "fn": 744,
        "threshold": 0.1
      },
      {
        "precision": 0.18976744186046512,
        "recall": 0.204,
        "f1": 0.1966265060240964,
        "accuracy": 0.86664,
        "roc_auc": 0.6663625217391305,
        "tp": 204,