{
  "best_operating_points": {
    "best_f1": {
      "threshold": 0.20000000000000004,
      "metrics": {
        "precision": 0.43703703703703706,
        "recall": 0.2681818181818182,
        "f1": 0.3323943661971831,
        "accuracy": 0.9138181818181819,
        "roc_auc": 0.7401787639238231,
        "tp": 59,
        "fp": 76,
        "tn": 2454,
        "fn": 161,
        "threshold": 0.20000000000000004
      }
    },
    "best_precision": {
      "threshold": 0.7000000000000002,
      "metrics": {
        "precision": 0.8125,
        "recall": 0.05909090909090909,
        "f1": 0.11016949152542373,
        "accuracy": 0.9236363636363636,
        "roc_auc": 0.7401787639238231,
        "tp": 13,
        "fp": 3,
        "tn": 2527,
        "fn": 207,
        "threshold": 0.7000000000000002
      }
    },
    "best_recall": {
      "threshold": 0.1,
      "metrics": {
        "precision": 0.265993265993266,
        "recall": 0.35909090909090907,
        "f1": 0.3056092843326886,
        "accuracy": 0.8694545454545455,
        "roc_auc": 0.7401787639238231,
        "tp": 79,
        "fp": 218,
        "tn": 2312,
        "fn": 141,
        "threshold": 0.1
      }
    },
    "best_balanced": {
      "threshold": 0.20000000000000004,
      "metrics": {
        "precision": 0.43703703703703706,
        "recall": 0.2681818181818182,
        "f1": 0.3323943661971831,
        "accuracy": 0.9138181818181819,
        "roc_auc": 0.7401787639238231,
        "tp": 59,
        "fp": 76,
        "tn": 2454,
        "fn": 161,
        "threshold": 0.20000000000000004
      }
    }
  },
  "all_thresholds": {
    "trainval": [
      {
        "precision": 0.8074045407636739,
        "recall": 0.9982456140350877,
        "f1": 0.8927399800313792,
        "accuracy": 0.9808102073365231,
        "roc_auc": 0.9997750135562318,
        "tp": 6259,
        "fp": 1493,
        "tn": 70612,
        "fn": 11,
        "threshold": 0.1
      },
      {
        "precision": 0.874037788663401,
        "recall": 0.9960127591706539,
        "f1": 0.9310473350726798,
        "accuracy": 0.9881977671451355,
        "roc_auc": 0.9997750135562318,
        "tp": 6245,
        "fp": 900,
        "tn": 71205,
        "fn": 25,
        "threshold": 0.15000000000000002
      },
      {
        "precision": 0.9117130307467057,
        "recall": 0.9931419457735248,
        "f1": 0.9506870229007633,
        "accuracy": 0.9917575757575757,
        "roc_auc": 0.9997750135562318,
        "tp": 6227,
        "fp": 603,
        "tn": 71502,
        "fn": 43,
        "threshold": 0.20000000000000004
      },
      {
        "precision": 0.9432128757971454,
        "recall": 0.990749601275917,
        "f1": 0.9663970130678282,
        "accuracy": 0.994488038277512,
        "roc_auc": 0.9997750135562318,
        "tp": 6212,
        "fp": 374,
        "tn": 71731,
        "fn": 58,
        "threshold": 0.25000000000000006
      },
      {
        "precision": 0.9612703330751355,
        "recall": 0.9896331738437002,
        "f1": 0.9752455795677799,
        "accuracy": 0.9959808612440192,
        "roc_auc": 0.9997750135562318,
        "tp": 6205,
        "fp": 250,
        "tn": 71855,
        "fn": 65,
        "threshold": 0.30000000000000004
      },
      {
        "precision": 0.9766414141414141,
        "recall": 0.9869218500797449,
        "f1": 0.9817547199746153,
        "accuracy": 0.9970653907496013,
        "roc_auc": 0.9997750135562318,
        "tp": 6188,
        "fp": 148,
        "tn": 71957,
        "fn": 82,
        "threshold": 0.3500000000000001
      },
      {
        "precision": 0.9876740835601089,
        "recall": 0.9840510366826156,
        "f1": 0.9858592314452345,
        "accuracy": 0.9977416267942584,
        "roc_auc": 0.9997750135562318,
        "tp": 6170,
        "fp": 77,
        "tn": 72028,
        "fn": 100,
        "threshold": 0.40000000000000013
      },
      {
        "precision": 0.991784793814433,
        "recall": 0.9819776714513556,
        "f1": 0.9868568680878346,
        "accuracy": 0.9979074960127592,
        "roc_auc": 0.9997750135562318,
        "tp": 6157,
        "fp": 51,
        "tn": 72054,
        "fn": 113,
        "threshold": 0.45000000000000007
      },
      {
        "precision": 0.9941634241245136,
        "recall": 0.9779904306220095,
        "f1": 0.9860106126386879,
        "accuracy": 0.9977799043062201,
        "roc_auc": 0.9997750135562318,
        "tp": 6132,
        "fp": 36,
        "tn": 72069,
        "fn": 138,
        "threshold": 0.5000000000000001
      },
      {
        "precision": 0.9964028776978417,
        "recall": 0.9719298245614035,
        "f1": 0.9840142095914742,
        "accuracy": 0.9974736842105263,
        "roc_auc": 0.9997750135562318,
        "tp": 6094,
        "fp": 22,
        "tn": 72083,
        "fn": 176,
        "threshold": 0.5500000000000002
      },
      {
        "precision": 0.997027250206441,
        "recall": 0.9628389154704944,
        "f1": 0.9796348884381338,
        "accuracy": 0.9967974481658692,
        "roc_auc": 0.9997750135562318,
        "tp": 6037,
        "fp": 18,
        "tn": 72087,
        "fn": 233,
        "threshold": 0.6000000000000002
      },
      {
        "precision": 0.9984830608461149,
        "recall": 0.9448165869218501,
        "f1": 0.9709087929197738,
        "accuracy": 0.9954704944178628,
        "roc_auc": 0.9997750135562318,
        "tp": 5924,
        "fp": 9,
        "tn": 72096,
        "fn": 346,
        "threshold": 0.6500000000000001
      },
      {
        "precision": 0.9991671871746824,
        "recall": 0.765390749601276,
        "f1": 0.8667931003341461,
        "accuracy": 0.9811802232854865,
        "roc_auc": 0.9997750135562318,
        "tp": 4799,
        "fp": 4,
        "tn": 72101,
        "fn": 1471,
        "threshold": 0.7000000000000002
      },
      {
        "precision": 0.9997726756080928,
        "recall": 0.7014354066985646,
        "f1": 0.8244446527322148,
        "accuracy": 0.9761020733652312,
        "roc_auc": 0.9997750135562318,
        "tp": 4398,
        "fp": 1,
        "tn": 72104,
        "fn": 1872,
        "threshold": 0.7500000000000002
      },
      {
        "precision": 0.999761620977354,
        "recall": 0.6688995215311004,
        "f1": 0.801528905876732,
        "accuracy": 0.9734992025518341,
        "roc_auc": 0.9997750135562318,
        "tp": 4194,
        "fp": 1,
        "tn": 72104,
        "fn": 2076,
        "threshold": 0.8000000000000002
      },
      {
        "precision": 0.999741468459152,
        "recall": 0.6167464114832536,
        "f1": 0.7628723614125074,
        "accuracy": 0.9693269537480064,
        "roc_auc": 0.9997750135562318,
        "tp": 3867,
        "fp": 1,
        "tn": 72104,
        "fn": 2403,
        "threshold": 0.8500000000000002
      },
      {
        "precision": 1.0,
        "recall": 0.5727272727272728,
        "f1": 0.7283236994219653,
        "accuracy": 0.9658181818181818,
        "roc_auc": 0.9997750135562318,
        "tp": 3591,
        "fp": 0,
        "tn": 72105,
        "fn": 2679,
        "threshold": 0.9000000000000002
      },
      {
        "precision": 1.0,
        "recall": 0.48261562998405105,
        "f1": 0.6510327022375215,
        "accuracy": 0.9586092503987241,
        "roc_auc": 0.9997750135562318,
        "tp": 3026,
        "fp": 0,
        "tn": 72105,
        "fn": 3244,
        "threshold": 0.9500000000000003
      }
    ],
    "test": [
      {
        "precision": 0.265993265993266,
        "recall": 0.35909090909090907,
        "f1": 0.3056092843326886,
        "accuracy": 0.8694545454545455,
        "roc_auc": 0.7401787639238231,
        "tp": 79,
        "fp": 218,
        "tn": 2312,
        "fn": 141,
        "threshold": 0.1
      },
      {
        "precision": 0.3615819209039548,
        "recall": 0.2909090909090909,
        "f1": 0.3224181360201511,
        "accuracy": 0.9021818181818182,