{
  "trainval": {
    "accuracy": 0.9774417862838916,
    "precision": 0.8910701876302988,
    "recall": 0.8180223285486443,
    "f1": 0.8529851987360718,
    "roc_auc": 0.9929639723303569,
    "gini": 0.9859279446607139,
    "confusion_matrix": {
      "tn": 71478,
      "fp": 627,
      "fn": 1141,
      "tp": 5129
    }
  },
  "test": {
    "accuracy": 0.9214545454545454,
    "precision": 0.8333333333333334,
    "recall": 0.022727272727272728,
    "f1": 0.04424778761061947,
    "roc_auc": 0.7627641034854473,
    "gini": 0.5255282069708946,
    "confusion_matrix": {
      "tn": 2529,
      "fp": 1,
      "fn": 215,
      "tp": 5
    }
  },
  "threshold": 0.5,
  "training_samples": 78375,
  "test_samples": 2750
}