{
  "accuracy": 0.9995890410958904,
  "precision": 0.9991928974979822,
  "recall": 1.0,
  "f1": 0.9995962858296327,
  "roc_auc": 1.0,
  "gini": 1.0,
  "confusion_matrix": {
    "tn": 3583,
    "fp": 3,
    "fn": 0,
    "tp": 3714
  }
}