{
  "accuracy": 0.8644238410596027,
  "precision": 0.024803149606299212,
  "recall": 0.43448275862068964,
  "f1": 0.04692737430167598,
  "roc_auc": 0.7173378500285361,
  "gini": 0.43467570005707223,
  "confusion_matrix": {
    "tn": 32506,
    "fp": 4954,
    "fn": 164,
    "tp": 126
  }
}