{
  "accuracy": 0.8428623714102715,
  "precision": 0.03836757579398454,
  "recall": 0.9676767676767677,
  "f1": 0.07380869833198506,
  "roc_auc": 0.9673559448553528,
  "gini": 0.9347118897107056,
  "confusion_matrix": {
    "tn": 128005,
    "fp": 24011,
    "fn": 32,
    "tp": 958
  }
}