{
  "accuracy": 0.9900358541316219,
  "precision": 0.38397646651669837,
  "recall": 1.0,
  "f1": 0.5548887221805452,
  "roc_auc": 0.9998809251497371,
  "gini": 0.9997618502994743,
  "confusion_matrix": {
    "tn": 351502,
    "fp": 3560,
    "fn": 0,
    "tp": 2219
  }
}