{
  "accuracy": 0.9904788574628955,
  "precision": 0.9646753246753247,
  "recall": 1.0,
  "f1": 0.9820200951877314,
  "roc_auc": 0.9999806403854805,
  "gini": 0.999961280770961,
  "confusion_matrix": {
    "tn": 10434,
    "fp": 136,
    "fn": 0,
    "tp": 3714
  }
}