{
  "accuracy": 0.926251655629139,
  "precision": 0.030850263355906696,
  "recall": 0.2827586206896552,
  "f1": 0.05563093622795115,
  "roc_auc": 0.7305987996391553,
  "gini": 0.4611975992783106,
  "confusion_matrix": {
    "tn": 34884,
    "fp": 2576,
    "fn": 208,
    "tp": 82
  }
}