{
  "model_name": "logistic_regression",
  "feature_set_name": "rfe_k150",
  "best_params": {
    "penalty": "l2",
    "solver": "lbfgs",
    "C": 0.019454614621006016,
    "max_iter": 4000
  },
  "best_f1": 0.3211083944580277,
  "train": {
    "accuracy": 0.6627691387559809,
    "precision": 0.26698920729438036,
    "recall": 0.7151116427432217,
    "f1": 0.3888136144382418,
    "roc_auc": 0.7507876217438281,
    "gini": 0.5015752434876561,
    "confusion_matrix": {
      "tn": 18576,
      "fp": 9848,
      "fn": 1429,
      "tp": 3587
    }
  },
  "validation_insample": {
    "accuracy": 0.6655502392344498,
    "precision": 0.26565349544072947,
    "recall": 0.696969696969697,
    "f1": 0.3846830985915493,
    "roc_auc": 0.7480913314937935,
    "gini": 0.49618266298758695,
    "confusion_matrix": {
      "tn": 4690,
      "fp": 2416,
      "fn": 380,
      "tp": 874
    }
  },
  "validation_outsample": {
    "accuracy": 0.4321745057941377,
    "precision": 0.19563058589870905,
    "recall": 0.8954545454545455,
    "f1": 0.3211083944580277,
    "roc_auc": 0.6533571480644456,
    "gini": 0.3067142961288911,
    "confusion_matrix": {
      "tn": 437,
      "fp": 810,
      "fn": 23,
      "tp": 197
    }
  },
  "gaps_insample": {
    "accuracy": -0.002781100478468912,
    "precision": 0.0013357118536508894,
    "recall": 0.01814194577352468,
    "f1": 0.004130515846692495,
    "roc_auc": 0.002696290250034594,
    "gini": 0.005392580500069188
  },
  "gaps_outsample": {
    "accuracy": 0.23059463296184318,
    "precision": 0.07135862139567131,
    "recall": -0.1803429027113238,
    "f1": 0.06770521998021412,
    "roc_auc": 0.09743047367938251,
    "gini": 0.19486094735876502
  }
}