{
  "model_name": "logistic_regression",
  "feature_set_name": "rfe_k50",
  "best_params": {
    "penalty": "l2",
    "solver": "lbfgs",
    "C": 47.219136530227516,
    "max_iter": 4000
  },
  "best_f1": 0.3392568659127625,
  "train": {
    "accuracy": 0.6499401913875598,
    "precision": 0.2619894691902661,
    "recall": 0.7340510366826156,
    "f1": 0.3861562663869953,
    "roc_auc": 0.7436076354146888,
    "gini": 0.48721527082937754,
    "confusion_matrix": {
      "tn": 18052,
      "fp": 10372,
      "fn": 1334,
      "tp": 3682
    }
  },
  "validation_insample": {
    "accuracy": 0.6568181818181819,
    "precision": 0.26312701672044586,
    "recall": 0.715311004784689,
    "f1": 0.3847308599613982,
    "roc_auc": 0.742409204702004,
    "gini": 0.484818409404008,
    "confusion_matrix": {
      "tn": 4594,
      "fp": 2512,
      "fn": 357,
      "tp": 897
    }
  },
  "validation_outsample": {
    "accuracy": 0.44239945466939334,
    "precision": 0.206286836935167,
    "recall": 0.9545454545454546,
    "f1": 0.3392568659127625,
    "roc_auc": 0.6953160312021579,
    "gini": 0.3906320624043158,
    "confusion_matrix": {
      "tn": 439,
      "fp": 808,
      "fn": 10,
      "tp": 210
    }
  },
  "gaps_insample": {
    "accuracy": -0.006877990430622094,
    "precision": -0.00113754753017975,
    "recall": 0.018740031897926612,
    "f1": 0.0014254064255970755,
    "roc_auc": 0.0011984307126847726,
    "gini": 0.0023968614253695453
  },
  "gaps_outsample": {
    "accuracy": 0.20754073671816642,
    "precision": 0.05570263225509911,
    "recall": -0.22049441786283897,
    "f1": 0.0468994004742328,
    "roc_auc": 0.04829160421253087,
    "gini": 0.09658320842506174
  }
}