{
  "model_name": "logistic_regression",
  "feature_set_name": "rfe_k200",
  "best_params": {
    "penalty": "l2",
    "solver": "lbfgs",
    "C": 3.4721952889563594,
    "max_iter": 4000
  },
  "best_f1": 0.32242225859247137,
  "train": {
    "accuracy": 0.6603767942583733,
    "precision": 0.2642926176492454,
    "recall": 0.708732057416268,
    "f1": 0.38501110088265555,
    "roc_auc": 0.7506891190520759,
    "gini": 0.5013782381041518,
    "confusion_matrix": {
      "tn": 18528,
      "fp": 9896,
      "fn": 1461,
      "tp": 3555
    }
  },
  "validation_insample": {
    "accuracy": 0.6643540669856459,
    "precision": 0.26484848484848483,
    "recall": 0.696969696969697,
    "f1": 0.3838383838383838,
    "roc_auc": 0.7478961777701167,
    "gini": 0.4957923555402335,
    "confusion_matrix": {
      "tn": 4680,
      "fp": 2426,
      "fn": 380,
      "tp": 874
    }
  },
  "validation_outsample": {
    "accuracy": 0.43558282208588955,
    "precision": 0.1966067864271457,
    "recall": 0.8954545454545455,
    "f1": 0.32242225859247137,
    "roc_auc": 0.656331559378873,
    "gini": 0.312663118757746,
    "confusion_matrix": {
      "tn": 442,
      "fp": 805,
      "fn": 23,
      "tp": 197
    }
  },
  "gaps_insample": {
    "accuracy": -0.003977272727272663,
    "precision": -0.0005558671992394459,
    "recall": 0.011762360446570974,
    "f1": 0.0011727170442717427,
    "roc_auc": 0.0027929412819591715,
    "gini": 0.005585882563918343
  },
  "gaps_outsample": {
    "accuracy": 0.2247939721724837,
    "precision": 0.06768583122209967,
    "recall": -0.1867224880382775,
    "f1": 0.06258884229018419,
    "roc_auc": 0.09435755967320292,
    "gini": 0.18871511934640584
  }
}