{
  "model_name": "random_forest",
  "feature_set_name": "rfe_k200",
  "best_params": {
    "n_estimators": 400,
    "max_depth": 10,
    "min_samples_split": 2,
    "min_samples_leaf": 3,
    "max_features": "sqrt"
  },
  "best_f1": 0.43869209809264303,
  "train": {
    "accuracy": 0.8631877990430622,
    "precision": 0.52352,
    "recall": 0.9784688995215312,
    "f1": 0.6820929747759016,
    "roc_auc": 0.9705683299509681,
    "gini": 0.9411366599019362,
    "confusion_matrix": {
      "tn": 23957,
      "fp": 4467,
      "fn": 108,
      "tp": 4908
    }
  },
  "validation_insample": {
    "accuracy": 0.8503588516746412,
    "precision": 0.5006616674018527,
    "recall": 0.905103668261563,
    "f1": 0.6447032093155354,
    "roc_auc": 0.9443120601185688,
    "gini": 0.8886241202371377,
    "confusion_matrix": {
      "tn": 5974,
      "fp": 1132,
      "fn": 119,
      "tp": 1135
    }
  },
  "validation_outsample": {
    "accuracy": 0.7191547375596455,
    "precision": 0.3132295719844358,
    "recall": 0.7318181818181818,
    "f1": 0.43869209809264303,
    "roc_auc": 0.7752970766202523,
    "gini": 0.5505941532405045,
    "confusion_matrix": {
      "tn": 894,
      "fp": 353,
      "fn": 59,
      "tp": 161
    }
  },
  "gaps_insample": {
    "accuracy": 0.012828947368420995,
    "precision": 0.02285833259814729,
    "recall": 0.07336523125996819,
    "f1": 0.03738976546036621,
    "roc_auc": 0.02625626983239926,
    "gini": 0.05251253966479852
  },
  "gaps_outsample": {
    "accuracy": 0.14403306148341666,
    "precision": 0.2102904280155642,
    "recall": 0.24665071770334934,
    "f1": 0.24340087668325855,
    "roc_auc": 0.19527125333071582,
    "gini": 0.39054250666143164
  }
}