{
  "model_name": "random_forest",
  "feature_set_name": "rfe_k100",
  "best_params": {
    "n_estimators": 350,
    "max_depth": 10,
    "min_samples_split": 2,
    "min_samples_leaf": 1,
    "max_features": "sqrt"
  },
  "best_f1": 0.46464646464646464,
  "train": {
    "accuracy": 0.8717105263157895,
    "precision": 0.539551100457616,
    "recall": 0.9872408293460925,
    "f1": 0.6977596167394674,
    "roc_auc": 0.974832723576141,
    "gini": 0.9496654471522821,
    "confusion_matrix": {
      "tn": 24198,
      "fp": 4226,
      "fn": 64,
      "tp": 4952
    }
  },
  "validation_insample": {
    "accuracy": 0.8630382775119617,
    "precision": 0.5244285073957866,
    "recall": 0.9330143540669856,
    "f1": 0.6714490674318508,
    "roc_auc": 0.9539674000137358,
    "gini": 0.9079348000274716,
    "confusion_matrix": {
      "tn": 6045,
      "fp": 1061,
      "fn": 84,
      "tp": 1170
    }
  },
  "validation_outsample": {
    "accuracy": 0.7471029311520109,
    "precision": 0.3403805496828753,
    "recall": 0.7318181818181818,
    "f1": 0.46464646464646464,
    "roc_auc": 0.7770321498870015,
    "gini": 0.5540642997740031,
    "confusion_matrix": {
      "tn": 935,
      "fp": 312,
      "fn": 59,
      "tp": 161
    }
  },
  "gaps_insample": {
    "accuracy": 0.008672248803827776,
    "precision": 0.015122593061829392,
    "recall": 0.054226475279106845,
    "f1": 0.02631054930761656,
    "roc_auc": 0.020865323562405225,
    "gini": 0.04173064712481045
  },
  "gaps_outsample": {
    "accuracy": 0.12460759516377862,
    "precision": 0.19917055077474072,
    "recall": 0.25542264752791066,
    "f1": 0.23311315209300276,
    "roc_auc": 0.1978005736891395,
    "gini": 0.395601147378279
  }
}