{
  "model_name": "random_forest",
  "feature_set_name": "tree_importance_k150",
  "best_params": {
    "n_estimators": 300,
    "max_depth": 10,
    "min_samples_split": 5,
    "min_samples_leaf": 1,
    "max_features": "sqrt"
  },
  "best_f1": 0.45179856115107914,
  "train": {
    "accuracy": 0.8726973684210526,
    "precision": 0.5417078799868117,
    "recall": 0.9826555023923444,
    "f1": 0.6984059511158343,
    "roc_auc": 0.9743885847303826,
    "gini": 0.9487771694607652,
    "confusion_matrix": {
      "tn": 24254,
      "fp": 4170,
      "fn": 87,
      "tp": 4929
    }
  },
  "validation_insample": {
    "accuracy": 0.8604066985645933,
    "precision": 0.5197458011802089,
    "recall": 0.9130781499202552,
    "f1": 0.6624240671102112,
    "roc_auc": 0.9510786984604515,
    "gini": 0.9021573969209029,
    "confusion_matrix": {
      "tn": 6048,
      "fp": 1058,
      "fn": 109,
      "tp": 1145
    }
  },
  "validation_outsample": {
    "accuracy": 0.7402862985685071,
    "precision": 0.33052631578947367,
    "recall": 0.7136363636363636,
    "f1": 0.45179856115107914,
    "roc_auc": 0.7705146898009769,
    "gini": 0.5410293796019539,
    "confusion_matrix": {
      "tn": 929,
      "fp": 318,
      "fn": 63,
      "tp": 157
    }
  },
  "gaps_insample": {
    "accuracy": 0.012290669856459324,
    "precision": 0.021962078806602836,
    "recall": 0.0695773524720893,
    "f1": 0.03598188400562308,
    "roc_auc": 0.023309886269931135,
    "gini": 0.04661977253986227
  },
  "gaps_outsample": {
    "accuracy": 0.13241106985254547,
    "precision": 0.21118156419733802,
    "recall": 0.2690191387559808,
    "f1": 0.24660738996475512,
    "roc_auc": 0.20387389492940566,
    "gini": 0.4077477898588113
  }
}