{
  "model_name": "random_forest",
  "feature_set_name": "correlation_filtered",
  "best_params": {
    "n_estimators": 150,
    "max_depth": 15,
    "min_samples_split": 14,
    "min_samples_leaf": 5,
    "max_features": null
  },
  "best_f1": 0.4470588235294118,
  "train": {
    "accuracy": 0.947517942583732,
    "precision": 0.741162549918651,
    "recall": 0.9990031897926634,
    "f1": 0.8509807251422263,
    "roc_auc": 0.9967651713223007,
    "gini": 0.9935303426446014,
    "confusion_matrix": {
      "tn": 26674,
      "fp": 1750,
      "fn": 5,
      "tp": 5011
    }
  },
  "validation_insample": {
    "accuracy": 0.9345693779904306,
    "precision": 0.7049275362318841,
    "recall": 0.9696969696969697,
    "f1": 0.8163813360187983,
    "roc_auc": 0.9851242138301257,
    "gini": 0.9702484276602514,
    "confusion_matrix": {
      "tn": 6597,
      "fp": 509,
      "fn": 38,
      "tp": 1216
    }
  },
  "validation_outsample": {
    "accuracy": 0.8077709611451943,
    "precision": 0.3931034482758621,
    "recall": 0.5181818181818182,
    "f1": 0.4470588235294118,
    "roc_auc": 0.7864766348326894,
    "gini": 0.5729532696653787,
    "confusion_matrix": {
      "tn": 1071,
      "fp": 176,
      "fn": 106,
      "tp": 114
    }
  },
  "gaps_insample": {
    "accuracy": 0.012948564593301404,
    "precision": 0.03623501368676696,
    "recall": 0.029306220095693725,
    "f1": 0.03459938912342808,
    "roc_auc": 0.011640957492174975,
    "gini": 0.02328191498434995
  },
  "gaps_outsample": {
    "accuracy": 0.1397469814385377,
    "precision": 0.34805910164278897,
    "recall": 0.48082137161084526,
    "f1": 0.40392190161281455,
    "roc_auc": 0.21028853648961132,
    "gini": 0.42057707297922264
  }
}