{
  "model_name": "random_forest",
  "feature_set_name": "rfe_k50",
  "best_params": {
    "n_estimators": 250,
    "max_depth": 10,
    "min_samples_split": 11,
    "min_samples_leaf": 3,
    "max_features": "log2"
  },
  "best_f1": 0.42105263157894735,
  "train": {
    "accuracy": 0.845933014354067,
    "precision": 0.49315482182403864,
    "recall": 0.9766746411483254,
    "f1": 0.6553846153846153,
    "roc_auc": 0.9598144157104247,
    "gini": 0.9196288314208494,
    "confusion_matrix": {
      "tn": 23389,
      "fp": 5035,
      "fn": 117,
      "tp": 4899
    }
  },
  "validation_insample": {
    "accuracy": 0.8369617224880382,
    "precision": 0.47728220091704876,
    "recall": 0.9130781499202552,
    "f1": 0.6268820147823706,
    "roc_auc": 0.9380900342096959,
    "gini": 0.8761800684193919,
    "confusion_matrix": {
      "tn": 5852,
      "fp": 1254,
      "fn": 109,
      "tp": 1145
    }
  },
  "validation_outsample": {
    "accuracy": 0.700068166325835,
    "precision": 0.2962962962962963,
    "recall": 0.7272727272727273,
    "f1": 0.42105263157894735,
    "roc_auc": 0.7681563023984836,
    "gini": 0.5363126047969673,
    "confusion_matrix": {
      "tn": 867,
      "fp": 380,
      "fn": 60,
      "tp": 160
    }
  },
  "gaps_insample": {
    "accuracy": 0.008971291866028741,
    "precision": 0.015872620906989876,
    "recall": 0.0635964912280702,
    "f1": 0.028502600602244743,
    "roc_auc": 0.02172438150072875,
    "gini": 0.0434487630014575
  },
  "gaps_outsample": {
    "accuracy": 0.14586484802823196,
    "precision": 0.19685852552774236,
    "recall": 0.24940191387559807,
    "f1": 0.234331983805668,
    "roc_auc": 0.19165811331194105,
    "gini": 0.3833162266238821
  }
}