{
  "model_name": "random_forest",
  "feature_set_name": "rfe_k300",
  "best_params": {
    "n_estimators": 250,
    "max_depth": 10,
    "min_samples_split": 2,
    "min_samples_leaf": 1,
    "max_features": "sqrt"
  },
  "best_f1": 0.4386206896551724,
  "train": {
    "accuracy": 0.8608253588516747,
    "precision": 0.5193914720377116,
    "recall": 0.9665071770334929,
    "f1": 0.6756794425087108,
    "roc_auc": 0.9694012792612753,
    "gini": 0.9388025585225506,
    "confusion_matrix": {
      "tn": 23938,
      "fp": 4486,
      "fn": 168,
      "tp": 4848
    }
  },
  "validation_insample": {
    "accuracy": 0.8496411483253589,
    "precision": 0.4993348115299335,
    "recall": 0.89792663476874,
    "f1": 0.6417782844115133,
    "roc_auc": 0.9439365659498387,
    "gini": 0.8878731318996773,
    "confusion_matrix": {
      "tn": 5977,
      "fp": 1129,
      "fn": 128,
      "tp": 1126
    }
  },
  "validation_outsample": {
    "accuracy": 0.7225630538513974,
    "precision": 0.31485148514851485,
    "recall": 0.7227272727272728,
    "f1": 0.4386206896551724,
    "roc_auc": 0.7738208062987533,
    "gini": 0.5476416125975065,
    "confusion_matrix": {
      "tn": 901,
      "fp": 346,
      "fn": 61,
      "tp": 159
    }
  },
  "gaps_insample": {
    "accuracy": 0.011184210526315796,
    "precision": 0.020056660507778157,
    "recall": 0.06858054226475285,
    "f1": 0.033901158097197515,
    "roc_auc": 0.025464713311436626,
    "gini": 0.05092942662287325
  },
  "gaps_outsample": {
    "accuracy": 0.13826230500027725,
    "precision": 0.20453998688919678,
    "recall": 0.2437799043062201,
    "f1": 0.2370587528535384,
    "roc_auc": 0.195580472962522,
    "gini": 0.391160945925044
  }
}