{
  "model_name": "random_forest",
  "feature_set_name": "rfe_k150",
  "best_params": {
    "n_estimators": 150,
    "max_depth": 10,
    "min_samples_split": 14,
    "min_samples_leaf": 1,
    "max_features": "sqrt"
  },
  "best_f1": 0.44596443228454175,
  "train": {
    "accuracy": 0.8649222488038277,
    "precision": 0.5268481652856989,
    "recall": 0.9760765550239234,
    "f1": 0.6843245509818995,
    "roc_auc": 0.9690531496789783,
    "gini": 0.9381062993579565,
    "confusion_matrix": {
      "tn": 24027,
      "fp": 4397,
      "fn": 120,
      "tp": 4896
    }
  },
  "validation_insample": {
    "accuracy": 0.8516746411483254,
    "precision": 0.5031083481349912,
    "recall": 0.9035087719298246,
    "f1": 0.6463205932686823,
    "roc_auc": 0.9438867394671977,
    "gini": 0.8877734789343954,
    "confusion_matrix": {
      "tn": 5987,
      "fp": 1119,
      "fn": 121,
      "tp": 1133
    }
  },
  "validation_outsample": {
    "accuracy": 0.7239263803680982,
    "precision": 0.31898238747553814,
    "recall": 0.740909090909091,
    "f1": 0.44596443228454175,
    "roc_auc": 0.7705073995771671,
    "gini": 0.5410147991543341,
    "confusion_matrix": {
      "tn": 899,
      "fp": 348,
      "fn": 57,
      "tp": 163
    }
  },
  "gaps_insample": {
    "accuracy": 0.01324760765550237,
    "precision": 0.02373981715070772,
    "recall": 0.07256778309409884,
    "f1": 0.038003957713217185,
    "roc_auc": 0.025166410211780565,
    "gini": 0.05033282042356113
  },
  "gaps_outsample": {
    "accuracy": 0.14099586843572953,
    "precision": 0.20786577781016075,
    "recall": 0.23516746411483247,
    "f1": 0.23836011869735774,
    "roc_auc": 0.1985457501018112,
    "gini": 0.3970915002036224
  }
}