{
  "accuracy": 0.9971502279817615,
  "precision": 0.5581395348837209,
  "recall": 1.0,
  "f1": 0.7164179104477612,
  "roc_auc": 0.9988915984264611,
  "gini": 0.9977831968529223,
  "confusion_matrix": {
    "tn": 33121,
    "fp": 95,
    "fn": 0,
    "tp": 120
  }
}