{
  "accuracy": 0.9929205663546916,
  "precision": 0.10810810810810811,
  "recall": 0.13333333333333333,
  "f1": 0.11940298507462686,
  "roc_auc": 0.9944364161849711,
  "gini": 0.9888728323699423,
  "confusion_matrix": {
    "tn": 8271,
    "fp": 33,
    "fn": 26,
    "tp": 4
  }
}