{
  "accuracy": 0.9951690821256038,
  "precision": 0.0,
  "recall": 0.0,
  "f1": 0.0,
  "roc_auc": 0.7319106796116505,
  "gini": 0.4638213592233009,
  "confusion_matrix": {
    "tn": 5150,
    "fp": 0,
    "fn": 25,
    "tp": 0
  }
}