{
  "model1_lgbm_target1": {
    "train": {
      "accuracy": 0.9900977141146428,
      "precision": 0.32194466226055785,
      "recall": 1.0,
      "f1": 0.48707736632488774,
      "roc_auc": 0.9999954419082165,
      "gini": 0.9999908838164331,
      "confusion_matrix": {
        "tn": 602346,
        "fp": 6053,
        "fn": 0,
        "tp": 2874
      }
    },
    "test": {
      "accuracy": 0.9677739796067432,
      "precision": 0.04218928164196123,
      "recall": 0.12333333333333334,
      "f1": 0.06287170773152082,
      "roc_auc": 0.7739887601811734,
      "gini": 0.5479775203623467,
      "confusion_matrix": {
        "tn": 33087,
        "fp": 840,
        "fn": 263,
        "tp": 37
      }
    }
  },
  "model2_lgbm_target2": {
    "train": {
      "accuracy": 0.9963673169900814,
      "precision": 0.4944153179849555,
      "recall": 1.0,
      "f1": 0.6616839536302623,
      "roc_auc": 0.9999998863306923,
      "gini": 0.9999997726613845,
      "confusion_matrix": {
        "tn": 606181,
        "fp": 2218,
        "fn": 0,
        "tp": 2169
      }
    },
    "test": {
      "accuracy": 0.9935070658401152,
      "precision": 0.04878048780487805,
      "recall": 0.05454545454545454,
      "f1": 0.05150214592274678,
      "roc_auc": 0.6802281368821292,
      "gini": 0.3604562737642585,
      "confusion_matrix": {
        "tn": 33810,
        "fp": 117,
        "fn": 104,
        "tp": 6
      }
    }
  },
  "model3_lgbm_combined": {
    "train": {
      "accuracy": 0.9607640168100652,
      "precision": 0.1732275350370981,
      "recall": 1.0,
      "f1": 0.2953008344312692,
      "roc_auc": 0.9996834349523624,
      "gini": 0.9993668699047249,
      "confusion_matrix": {
        "tn": 584330,
        "fp": 24069,
        "fn": 0,
        "tp": 5043
      }
    },
    "test": {
      "accuracy": 0.9423653784547281,
      "precision": 0.055524079320113315,
      "recall": 0.23902439024390243,
      "f1": 0.09011494252873563,
      "roc_auc": 0.7704190561226507,
      "gini": 0.5408381122453014,
      "confusion_matrix": {
        "tn": 32260,
        "fp": 1667,
        "fn": 312,
        "tp": 98
      }
    }
  },
  "model4_nn_target1": {
    "train": {
      "accuracy": 0.5252432219319355,
      "precision": 0.009055742365838322,
      "recall": 0.9220598469032707,
      "f1": 0.017935338030361483,
      "roc_auc": 0.7953889764177864,
      "gini": 0.5907779528355728,
      "confusion_matrix": {
        "tn": 318417,
        "fp": 289982,
        "fn": 224,
        "tp": 2650
      }
    },
    "test": {
      "accuracy": 0.3058696350834137,
      "precision": 0.01125093757813151,
      "recall": 0.9,
      "f1": 0.022224051362252036,
      "roc_auc": 0.6922734105579628,
      "gini": 0.38454682111592553,
      "confusion_matrix": {
        "tn": 10199,
        "fp": 23728,
        "fn": 30,
        "tp": 270
      }
    }
  },
  "model5_nn_target2": {
    "train": {
      "accuracy": 0.4781170975223071,
      "precision": 0.006234554032801618,
      "recall": 0.921161825726141,
      "f1": 0.012385282713604284,
      "roc_auc": 0.763168051089498,
      "gini": 0.5263361021789961,
      "confusion_matrix": {
        "tn": 289925,
        "fp": 318474,
        "fn": 171,
        "tp": 1998
      }
    },
    "test": {
      "accuracy": 0.21973146869583102,
      "precision": 0.0036781264074463296,
      "recall": 0.8909090909090909,
      "f1": 0.007326007326007326,
      "roc_auc": 0.6845765105292915,
      "gini": 0.36915302105858294,
      "confusion_matrix": {
        "tn": 7381,
        "fp": 26546,
        "fn": 12,
        "tp": 98
      }
    }
  },
  "model6_nn_combined": {
    "train": {
      "accuracy": 0.566051884285719,
      "precision": 0.016810671797813096,
      "recall": 0.900852667063256,
      "f1": 0.033005434308796607,
      "roc_auc": 0.8019032062258883,
      "gini": 0.6038064124517766,
      "confusion_matrix": {
        "tn": 342697,
        "fp": 265702,
        "fn": 500,
        "tp": 4543
      }
    },
    "test": {
      "accuracy": 0.33520691964935784,
      "precision": 0.016019689969342374,
      "recall": 0.9048780487804878,
      "f1": 0.031482031482031485,
      "roc_auc": 0.7165271274695239,
      "gini": 0.4330542549390477,
      "confusion_matrix": {
        "tn": 11139,
        "fp": 22788,
        "fn": 39,
        "tp": 371
      }
    }
  },
  "configuration": {
    "min_season": "2018_2019",
    "exclude_season": "2025_2026",
    "training_date": "2026-01-19T20:25:30.167959",
    "nn_config": {
      "hidden_layers": [
        256,
        128,
        64
      ],
      "dropout_rates": [
        0.4,
        0.3,
        0.2
      ],
      "learning_rate": 0.001,
      "batch_size": 256,
      "epochs": 100,
      "early_stopping_patience": 10,
      "validation_split": 0.2
    }
  }
}