{
  "train": {
    "accuracy": 0.9848241673121612,
    "precision": 0.24471858134155744,
    "recall": 1.0,
    "f1": 0.39321110009910804,
    "roc_auc": 0.9999780158626823,
    "gini": 0.9999560317253646,
    "confusion_matrix": {
      "tn": 632530,
      "fp": 9796,
      "fn": 0,
      "tp": 3174
    }
  },
  "test": {
    "accuracy": 0.9831419639465919,
    "precision": 0.34207525655644244,
    "recall": 1.0,
    "f1": 0.5097706032285472,
    "roc_auc": 0.9999896837327203,
    "gini": 0.9999793674654407,
    "confusion_matrix": {
      "tn": 33350,
      "fp": 577,
      "fn": 0,
      "tp": 300
    }
  },
  "configuration": {
    "min_season": "2018_2019",
    "training_includes_test": true,
    "training_date": "2026-01-19T22:58:59.749007"
  }
}