{
  "train": {
    "accuracy": 1.0,
    "precision": 1.0,
    "recall": 1.0,
    "f1": 1.0,
    "roc_auc": 1.0,
    "gini": 1.0,
    "confusion_matrix": {
      "tn": 49817,
      "fp": 0,
      "fn": 0,
      "tp": 5270
    }
  },
  "validation": {
    "accuracy": 0.8706160514908708,
    "precision": 0.6923076923076923,
    "recall": 0.027,
    "f1": 0.0519730510105871,
    "roc_auc": 0.65709390594284,
    "gini": 0.31418781188568,
    "confusion_matrix": {
      "tn": 6601,
      "fp": 12,
      "fn": 973,
      "tp": 27
    }
  },
  "gaps": {
    "accuracy": 0.12938394850912915,
    "precision": 0.3076923076923077,
    "recall": 0.973,
    "f1": 0.9480269489894129,
    "roc_auc": 0.34290609405716,
    "gini": 0.68581218811432
  },
  "auc_gap": 0.34290609405716,
  "num_features": 1395
}