{
  "train": {
    "accuracy": 0.9982057416267942,
    "precision": 0.9979903536977492,
    "recall": 0.9900318979266348,
    "f1": 0.9939951961569256,
    "roc_auc": 0.9999781518168037,
    "gini": 0.9999563036336074,
    "confusion_matrix": {
      "tn": 28414,
      "fp": 10,
      "fn": 50,
      "tp": 4966
    }
  },
  "validation_insample": {
    "accuracy": 0.9708133971291866,
    "precision": 0.9353448275862069,
    "recall": 0.8652312599681021,
    "f1": 0.8989229494614748,
    "roc_auc": 0.9936828099981552,
    "gini": 0.9873656199963103,
    "confusion_matrix": {
      "tn": 7031,
      "fp": 75,
      "fn": 169,
      "tp": 1085
    }
  },
  "validation_outsample": {
    "accuracy": 0.9779014568669177,
    "precision": 0.16216216216216217,
    "recall": 0.05454545454545454,
    "f1": 0.08163265306122448,
    "roc_auc": 0.6957284547424571,
    "gini": 0.3914569094849143,
    "confusion_matrix": {
      "tn": 11936,
      "fp": 62,
      "fn": 208,
      "tp": 12
    }
  }
}