{
  "train": {
    "accuracy": 1.0,
    "precision": 1.0,
    "recall": 1.0,
    "f1": 1.0,
    "roc_auc": 1.0,
    "gini": 1.0,
    "confusion_matrix": {
      "tn": 28424,
      "fp": 0,
      "fn": 0,
      "tp": 5016
    }
  },
  "validation_insample": {
    "accuracy": 0.994976076555024,
    "precision": 0.9848,
    "recall": 0.981658692185008,
    "f1": 0.9832268370607029,
    "roc_auc": 0.9997655686436109,
    "gini": 0.9995311372872218,
    "confusion_matrix": {
      "tn": 7087,
      "fp": 19,
      "fn": 23,
      "tp": 1231
    }
  },
  "validation_outsample": {
    "accuracy": 0.9803568505483713,
    "precision": 0.2222222222222222,
    "recall": 0.03636363636363636,
    "f1": 0.0625,
    "roc_auc": 0.7499753746836595,
    "gini": 0.499950749367319,
    "confusion_matrix": {
      "tn": 11970,
      "fp": 28,
      "fn": 212,
      "tp": 8
    }
  },
  "gaps_insample": {
    "accuracy": 0.005023923444976042,
    "precision": 0.015199999999999991,
    "recall": 0.01834130781499199,
    "f1": 0.016773162939297093,
    "roc_auc": 0.00023443135638911983,
    "gini": 0.00046886271277823965
  },
  "gaps_outsample": {
    "accuracy": 0.019643149451628705,
    "precision": 0.7777777777777778,
    "recall": 0.9636363636363636,
    "f1": 0.9375,
    "roc_auc": 0.2500246253163405,
    "gini": 0.500049250632681
  },
  "overfitting_risk_insample": "LOW",
  "auc_gap_insample": 0.00023443135638911983,
  "auc_gap_outsample": 0.2500246253163405
}