{
  "train": {
    "accuracy": 0.9847787081339713,
    "precision": 0.9953836007913828,
    "recall": 0.9027113237639554,
    "f1": 0.9467851542080502,
    "roc_auc": 0.99305949851553,
    "gini": 0.98611899703106,
    "confusion_matrix": {
      "tn": 28403,
      "fp": 21,
      "fn": 488,
      "tp": 4528
    }
  },
  "validation_insample": {
    "accuracy": 0.9584928229665072,
    "precision": 0.9459193706981318,
    "recall": 0.7671451355661882,
    "f1": 0.8472038749449582,
    "roc_auc": 0.9800590264264402,
    "gini": 0.9601180528528803,
    "confusion_matrix": {
      "tn": 7051,
      "fp": 55,
      "fn": 292,
      "tp": 962
    }
  },
  "validation_outsample": {
    "accuracy": 0.9709445081027992,
    "precision": 0.15384615384615385,
    "recall": 0.13636363636363635,
    "f1": 0.14457831325301204,
    "roc_auc": 0.7255216778554002,
    "gini": 0.45104335571080045,
    "confusion_matrix": {
      "tn": 11833,
      "fp": 165,
      "fn": 190,
      "tp": 30
    }
  }
}