{
  "accuracy": 0.8624839516183526,
  "precision": 0.41968986865706187,
  "recall": 0.9802689370903439,
  "f1": 0.5877443532867416,
  "roc_auc": 0.968840084905374,
  "gini": 0.937680169810748,
  "confusion_matrix": {
    "tn": 113132,
    "fp": 20059,
    "fn": 292,
    "tp": 14507
  }
}