{
  "train": {
    "accuracy": 0.7464374534826729,
    "precision": 0.253122161671208,
    "recall": 0.8461100569259962,
    "f1": 0.38967054094206066,
    "roc_auc": 0.8666138522399953,
    "gini": 0.7332277044799906,
    "confusion_matrix": {
      "tn": 36660,
      "fp": 13157,
      "fn": 811,
      "tp": 4459
    }
  },
  "validation": {
    "accuracy": 0.6216997241560489,
    "precision": 0.18874172185430463,
    "recall": 0.57,
    "f1": 0.2835820895522388,
    "roc_auc": 0.6421462271283835,
    "gini": 0.2842924542567671,
    "confusion_matrix": {
      "tn": 4163,
      "fp": 2450,
      "fn": 430,
      "tp": 570
    }
  },
  "gaps": {
    "accuracy": 0.12473772932662397,
    "precision": 0.06438043981690336,
    "recall": 0.2761100569259962,
    "f1": 0.10608845138982187,
    "roc_auc": 0.22446762511161178,
    "gini": 0.44893525022322356
  },
  "auc_gap": 0.22446762511161178,
  "num_features": 1395
}