{
  "train": {
    "accuracy": 0.7265151515151516,
    "precision": 0.24199478178368122,
    "recall": 0.8135964912280702,
    "f1": 0.3730347349177331,
    "roc_auc": 0.8494234496041871,
    "gini": 0.6988468992083743,
    "confusion_matrix": {
      "tn": 32361,
      "fp": 12783,
      "fn": 935,
      "tp": 4081
    }
  },
  "validation_insample": {
    "accuracy": 0.7157097288676236,
    "precision": 0.2295810905686871,
    "recall": 0.7822966507177034,
    "f1": 0.3549846209516917,
    "roc_auc": 0.8268479727180306,
    "gini": 0.6536959454360611,
    "confusion_matrix": {
      "tn": 7994,
      "fp": 3292,
      "fn": 273,
      "tp": 981
    }
  },
  "validation_outsample": {
    "accuracy": 0.6303814044851858,
    "precision": 0.029360210341805432,
    "recall": 0.6090909090909091,
    "f1": 0.056020066889632104,
    "roc_auc": 0.7125767173316764,
    "gini": 0.42515343466335276,
    "confusion_matrix": {
      "tn": 7568,
      "fp": 4430,
      "fn": 86,
      "tp": 134
    }
  },
  "gaps_insample": {
    "accuracy": 0.01080542264752793,
    "precision": 0.01241369121499411,
    "recall": 0.03129984051036683,
    "f1": 0.018050113966041392,
    "roc_auc": 0.022575476886156576,
    "gini": 0.04515095377231315
  },
  "gaps_outsample": {
    "accuracy": 0.0961337470299658,
    "precision": 0.21263457144187578,
    "recall": 0.20450558213716108,
    "f1": 0.31701466802810097,
    "roc_auc": 0.13684673227251076,
    "gini": 0.2736934645450215
  },
  "auc_gap_insample": 0.022575476886156576,
  "auc_gap_outsample": 0.13684673227251076,
  "num_features": 712,
  "stable_features_criteria": {
    "max_drift": 0.05,
    "min_train_corr": 0.01
  }
}