{
  "train": {
    "accuracy": 0.995970011073393,
    "precision": 0.9595775673707211,
    "recall": 1.0,
    "f1": 0.9793718639658057,
    "roc_auc": 0.9999785210073803,
    "gini": 0.9999570420147605,
    "confusion_matrix": {
      "tn": 49595,
      "fp": 222,
      "fn": 0,
      "tp": 5270
    }
  },
  "validation": {
    "accuracy": 0.866938132142388,
    "precision": 0.38596491228070173,
    "recall": 0.022,
    "f1": 0.041627246925260174,
    "roc_auc": 0.6846464539543323,
    "gini": 0.36929290790866465,
    "confusion_matrix": {
      "tn": 6578,
      "fp": 35,
      "fn": 978,
      "tp": 22
    }
  },
  "gaps": {
    "accuracy": 0.12903187893100498,
    "precision": 0.5736126550900194,
    "recall": 0.978,
    "f1": 0.9377446170405455,
    "roc_auc": 0.31533206705304795,
    "gini": 0.6306641341060959
  },
  "auc_gap": 0.31533206705304795,
  "num_features": 1395
}