{
  "train": {
    "accuracy": 0.935915071770335,
    "precision": 0.7028095439785401,
    "recall": 0.9924242424242424,
    "f1": 0.822877923795355,
    "roc_auc": 0.9919077836372524,
    "gini": 0.9838155672745048,
    "confusion_matrix": {
      "tn": 26319,
      "fp": 2105,
      "fn": 38,
      "tp": 4978
    }
  },
  "validation_insample": {
    "accuracy": 0.9090909090909091,
    "precision": 0.6338028169014085,
    "recall": 0.9330143540669856,
    "f1": 0.7548387096774194,
    "roc_auc": 0.9699321866060129,
    "gini": 0.9398643732120258,
    "confusion_matrix": {
      "tn": 6430,
      "fp": 676,
      "fn": 84,
      "tp": 1170
    }
  },
  "validation_outsample": {
    "accuracy": 0.8566868554591586,
    "precision": 0.04837758112094395,
    "recall": 0.37272727272727274,
    "f1": 0.08563968668407311,
    "roc_auc": 0.7433867765839761,
    "gini": 0.48677355316795223,
    "confusion_matrix": {
      "tn": 10385,
      "fp": 1613,
      "fn": 138,
      "tp": 82
    }
  }
}