{
  "train": {
    "accuracy": 0.9305322966507177,
    "precision": 0.8576361221779548,
    "recall": 0.6437400318979266,
    "f1": 0.7354515431044301,
    "roc_auc": 0.9623169444885848,
    "gini": 0.9246338889771697,
    "confusion_matrix": {
      "tn": 27888,
      "fp": 536,
      "fn": 1787,
      "tp": 3229
    }
  },
  "validation_insample": {
    "accuracy": 0.904066985645933,
    "precision": 0.775609756097561,
    "recall": 0.507177033492823,
    "f1": 0.6133076181292189,
    "roc_auc": 0.9327779027180572,
    "gini": 0.8655558054361143,
    "confusion_matrix": {
      "tn": 6922,
      "fp": 184,
      "fn": 618,
      "tp": 636
    }
  },
  "validation_outsample": {
    "accuracy": 0.9679161892290064,
    "precision": 0.09047619047619047,
    "recall": 0.08636363636363636,
    "f1": 0.08837209302325581,
    "roc_auc": 0.750322023367531,
    "gini": 0.5006440467350619,
    "confusion_matrix": {
      "tn": 11807,
      "fp": 191,
      "fn": 201,
      "tp": 19
    }
  }
}