{
  "train": {
    "accuracy": 0.9960227272727272,
    "precision": 0.9743539926170585,
    "recall": 0.9998006379585327,
    "f1": 0.9869133129981305,
    "roc_auc": 0.9999976784113522,
    "gini": 0.9999953568227045,
    "confusion_matrix": {
      "tn": 28292,
      "fp": 132,
      "fn": 1,
      "tp": 5015
    }
  },
  "validation_insample": {
    "accuracy": 0.9807416267942584,
    "precision": 0.8974545454545455,
    "recall": 0.9840510366826156,
    "f1": 0.9387599847850894,
    "roc_auc": 0.9979968407316682,
    "gini": 0.9959936814633363,
    "confusion_matrix": {
      "tn": 6965,
      "fp": 141,
      "fn": 20,
      "tp": 1234
    }
  },
  "validation_outsample": {
    "accuracy": 0.973809134064495,
    "precision": 0.13768115942028986,
    "recall": 0.08636363636363636,
    "f1": 0.10614525139664804,
    "roc_auc": 0.7822243101122914,
    "gini": 0.5644486202245829,
    "confusion_matrix": {
      "tn": 11879,
      "fp": 119,
      "fn": 201,
      "tp": 19
    }
  },
  "gaps_insample": {
    "accuracy": 0.015281100478468868,
    "precision": 0.07689944716251296,
    "recall": 0.01574960127591707,
    "f1": 0.04815332821304108,
    "roc_auc": 0.0020008376796840643,
    "gini": 0.004001675359368129
  },
  "gaps_outsample": {
    "accuracy": 0.02221359320823224,
    "precision": 0.8366728331967686,
    "recall": 0.9134370015948963,
    "f1": 0.8807680616014824,
    "roc_auc": 0.2177733682990608,
    "gini": 0.4355467365981216
  },
  "overfitting_risk_insample": "LOW",
  "auc_gap_insample": 0.0020008376796840643,
  "auc_gap_outsample": 0.2177733682990608
}