{
  "train": {
    "accuracy": 0.9955940988835725,
    "precision": 0.9578002673286232,
    "recall": 1.0,
    "f1": 0.9784453330732469,
    "roc_auc": 0.9999749958382335,
    "gini": 0.9999499916764669,
    "confusion_matrix": {
      "tn": 44923,
      "fp": 221,
      "fn": 0,
      "tp": 5016
    }
  },
  "validation_insample": {
    "accuracy": 0.9804625199362041,
    "precision": 0.8901778808971385,
    "recall": 0.9178628389154705,
    "f1": 0.9038084020416176,
    "roc_auc": 0.9929283178464745,
    "gini": 0.985856635692949,
    "confusion_matrix": {
      "tn": 11144,
      "fp": 142,
      "fn": 103,
      "tp": 1151
    }
  },
  "validation_outsample": {
    "accuracy": 0.9778196104108692,
    "precision": 0.1076923076923077,
    "recall": 0.031818181818181815,
    "f1": 0.04912280701754386,
    "roc_auc": 0.7385730955159193,
    "gini": 0.47714619103183864,
    "confusion_matrix": {
      "tn": 11940,
      "fp": 58,
      "fn": 213,
      "tp": 7
    }
  },
  "gaps_insample": {
    "accuracy": 0.015131578947368385,
    "precision": 0.06762238643148477,
    "recall": 0.08213716108452951,
    "f1": 0.07463693103162927,
    "roc_auc": 0.007046677991758954,
    "gini": 0.014093355983517908
  },
  "gaps_outsample": {
    "accuracy": 0.017774488472703354,
    "precision": 0.8501079596363155,
    "recall": 0.9681818181818181,
    "f1": 0.929322526055703,
    "roc_auc": 0.26140190032231414,
    "gini": 0.5228038006446283
  },
  "auc_gap_insample": 0.007046677991758954,
  "auc_gap_outsample": 0.26140190032231414,
  "num_features": 712,
  "stable_features_criteria": {
    "max_drift": 0.05,
    "min_train_corr": 0.01
  }
}