{
  "train": {
    "accuracy": 1.0,
    "precision": 1.0,
    "recall": 1.0,
    "f1": 1.0,
    "roc_auc": 1.0,
    "gini": 1.0,
    "confusion_matrix": {
      "tn": 28424,
      "fp": 0,
      "fn": 0,
      "tp": 5016
    }
  },
  "validation_insample": {
    "accuracy": 0.9961722488038277,
    "precision": 0.9911575562700965,
    "recall": 0.9832535885167464,
    "f1": 0.9871897518014412,
    "roc_auc": 0.999922005843614,
    "gini": 0.999844011687228,
    "confusion_matrix": {
      "tn": 7095,
      "fp": 11,
      "fn": 21,
      "tp": 1233
    }
  },
  "validation_outsample": {
    "accuracy": 0.8466257668711656,
    "precision": 0.3333333333333333,
    "recall": 0.022727272727272728,
    "f1": 0.0425531914893617,
    "roc_auc": 0.6883319967923015,
    "gini": 0.376663993584603,
    "confusion_matrix": {
      "tn": 1237,
      "fp": 10,
      "fn": 215,
      "tp": 5
    }
  },
  "gaps_insample": {
    "accuracy": 0.003827751196172291,
    "precision": 0.008842443729903504,
    "recall": 0.01674641148325362,
    "f1": 0.012810248198558805,
    "roc_auc": 7.799415638598539e-05,
    "gini": 0.00015598831277197078
  },
  "gaps_outsample": {
    "accuracy": 0.15337423312883436,
    "precision": 0.6666666666666667,
    "recall": 0.9772727272727273,
    "f1": 0.9574468085106383,
    "roc_auc": 0.3116680032076985,
    "gini": 0.623336006415397
  },
  "overfitting_risk_insample": "LOW",
  "auc_gap_insample": 7.799415638598539e-05,
  "auc_gap_outsample": 0.3116680032076985
}