{
  "train": {
    "accuracy": 1.0,
    "precision": 1.0,
    "recall": 1.0,
    "f1": 1.0,
    "roc_auc": 1.0,
    "gini": 1.0,
    "confusion_matrix": {
      "tn": 28424,
      "fp": 0,
      "fn": 0,
      "tp": 5016
    }
  },
  "validation_insample": {
    "accuracy": 0.9916267942583732,
    "precision": 0.9836601307189542,
    "recall": 0.960127591706539,
    "f1": 0.9717514124293786,
    "roc_auc": 0.9996100292180699,
    "gini": 0.9992200584361397,
    "confusion_matrix": {
      "tn": 7086,
      "fp": 20,
      "fn": 50,
      "tp": 1204
    }
  },
  "validation_outsample": {
    "accuracy": 0.8493524199045671,
    "precision": 0.0,
    "recall": 0.0,
    "f1": 0.0,
    "roc_auc": 0.6894619814828316,
    "gini": 0.3789239629656631,
    "confusion_matrix": {
      "tn": 1246,
      "fp": 1,
      "fn": 220,
      "tp": 0
    }
  },
  "gaps_insample": {
    "accuracy": 0.00837320574162681,
    "precision": 0.016339869281045805,
    "recall": 0.03987240829346095,
    "f1": 0.02824858757062143,
    "roc_auc": 0.000389970781930149,
    "gini": 0.000779941563860298
  },
  "gaps_outsample": {
    "accuracy": 0.1506475800954329,
    "precision": 1.0,
    "recall": 1.0,
    "f1": 1.0,
    "roc_auc": 0.31053801851716845,
    "gini": 0.6210760370343369
  },
  "overfitting_risk_insample": "LOW",
  "auc_gap_insample": 0.000389970781930149,
  "auc_gap_outsample": 0.31053801851716845
}