{
  "train": {
    "accuracy": 1.0,
    "precision": 1.0,
    "recall": 1.0,
    "f1": 1.0,
    "roc_auc": 0.9999999999999999,
    "gini": 0.9999999999999998,
    "confusion_matrix": {
      "tn": 28424,
      "fp": 0,
      "fn": 0,
      "tp": 5016
    }
  },
  "validation_insample": {
    "accuracy": 0.992822966507177,
    "precision": 0.984577922077922,
    "recall": 0.967304625199362,
    "f1": 0.9758648431214803,
    "roc_auc": 0.9995497099964045,
    "gini": 0.9990994199928089,
    "confusion_matrix": {
      "tn": 7087,
      "fp": 19,
      "fn": 41,
      "tp": 1213
    }
  },
  "validation_outsample": {
    "accuracy": 0.8493524199045671,
    "precision": 0.3333333333333333,
    "recall": 0.004545454545454545,
    "f1": 0.008968609865470852,
    "roc_auc": 0.7419843989210468,
    "gini": 0.4839687978420937,
    "confusion_matrix": {
      "tn": 1245,
      "fp": 2,
      "fn": 219,
      "tp": 1
    }
  },
  "gaps_insample": {
    "accuracy": 0.0071770334928229484,
    "precision": 0.015422077922077948,
    "recall": 0.032695374800638,
    "f1": 0.024135156878519748,
    "roc_auc": 0.0004502900035954216,
    "gini": 0.0009005800071908432
  },
  "gaps_outsample": {
    "accuracy": 0.1506475800954329,
    "precision": 0.6666666666666667,
    "recall": 0.9954545454545455,
    "f1": 0.9910313901345291,
    "roc_auc": 0.25801560107895305,
    "gini": 0.5160312021579061
  },
  "overfitting_risk_insample": "LOW",
  "auc_gap_insample": 0.0004502900035954216,
  "auc_gap_outsample": 0.25801560107895305
}