{
  "train": {
    "accuracy": 0.661901913875598,
    "precision": 0.26310635733654714,
    "recall": 0.6963716108452951,
    "f1": 0.3819155915154166,
    "roc_auc": 0.7366905497117919,
    "gini": 0.47338109942358386,
    "confusion_matrix": {
      "tn": 18641,
      "fp": 9783,
      "fn": 1523,
      "tp": 3493
    }
  },
  "validation_insample": {
    "accuracy": 0.6550239234449761,
    "precision": 0.26029411764705884,
    "recall": 0.7057416267942583,
    "f1": 0.38031800601633003,
    "roc_auc": 0.7337808065695545,
    "gini": 0.46756161313910893,
    "confusion_matrix": {
      "tn": 4591,
      "fp": 2515,
      "fn": 369,
      "tp": 885
    }
  },
  "validation_outsample": {
    "accuracy": 0.49011588275391954,
    "precision": 0.19086651053864168,
    "recall": 0.740909090909091,
    "f1": 0.30353817504655495,
    "roc_auc": 0.6198111832033244,
    "gini": 0.2396223664066488,
    "confusion_matrix": {
      "tn": 556,
      "fp": 691,
      "fn": 57,
      "tp": 163
    }
  },
  "gaps_insample": {
    "accuracy": 0.006877990430621983,
    "precision": 0.002812239689488294,
    "recall": -0.00937001594896325,
    "f1": 0.0015975854990865623,
    "roc_auc": 0.0029097431422374642,
    "gini": 0.0058194862844749284
  },
  "gaps_outsample": {
    "accuracy": 0.1717860311216785,
    "precision": 0.07223984679790546,
    "recall": -0.044537480063795876,
    "f1": 0.07837741646886165,
    "roc_auc": 0.11687936650846753,
    "gini": 0.23375873301693506
  },
  "overfitting_risk_insample": "LOW",
  "auc_gap_insample": 0.0029097431422374642,
  "auc_gap_outsample": 0.11687936650846753
}