{
  "train": {
    "accuracy": 0.998444976076555,
    "precision": 0.98973954222573,
    "recall": 1.0,
    "f1": 0.9948433161443871,
    "roc_auc": 0.9999891565678263,
    "gini": 0.9999783131356526,
    "confusion_matrix": {
      "tn": 28372,
      "fp": 52,
      "fn": 0,
      "tp": 5016
    }
  },
  "validation_insample": {
    "accuracy": 0.9898325358851675,
    "precision": 0.9702333065164923,
    "recall": 0.9617224880382775,
    "f1": 0.9659591509811775,
    "roc_auc": 0.9992558571928118,
    "gini": 0.9985117143856237,
    "confusion_matrix": {
      "tn": 7069,
      "fp": 37,
      "fn": 48,
      "tp": 1206
    }
  },
  "validation_outsample": {
    "accuracy": 0.8534423994546694,
    "precision": 1.0,
    "recall": 0.022727272727272728,
    "f1": 0.044444444444444446,
    "roc_auc": 0.6867463731136546,
    "gini": 0.3734927462273092,
    "confusion_matrix": {
      "tn": 1247,
      "fp": 0,
      "fn": 215,
      "tp": 5
    }
  },
  "gaps_insample": {
    "accuracy": 0.008612440191387516,
    "precision": 0.019506235709237707,
    "recall": 0.038277511961722466,
    "f1": 0.028884165163209685,
    "roc_auc": 0.000733299375014429,
    "gini": 0.001466598750028858
  },
  "gaps_outsample": {
    "accuracy": 0.14500257662188565,
    "precision": -0.010260457774269982,
    "recall": 0.9772727272727273,
    "f1": 0.9503988716999427,
    "roc_auc": 0.31324278345417167,
    "gini": 0.6264855669083433
  },
  "overfitting_risk_insample": "LOW",
  "auc_gap_insample": 0.000733299375014429,
  "auc_gap_outsample": 0.31324278345417167
}