{
  "train": {
    "accuracy": 0.9969497607655502,
    "precision": 0.9802580140734949,
    "recall": 0.9998006379585327,
    "f1": 0.9899328859060402,
    "roc_auc": 0.9999780606365849,
    "gini": 0.9999561212731698,
    "confusion_matrix": {
      "tn": 28323,
      "fp": 101,
      "fn": 1,
      "tp": 5015
    }
  },
  "validation_insample": {
    "accuracy": 0.9875598086124402,
    "precision": 0.9549050632911392,
    "recall": 0.9625199362041468,
    "f1": 0.9586973788721207,
    "roc_auc": 0.9983351894820335,
    "gini": 0.996670378964067,
    "confusion_matrix": {
      "tn": 7049,
      "fp": 57,
      "fn": 47,
      "tp": 1207
    }
  },
  "validation_outsample": {
    "accuracy": 0.8520790729379687,
    "precision": 0.8,
    "recall": 0.01818181818181818,
    "f1": 0.035555555555555556,
    "roc_auc": 0.7372311729970111,
    "gini": 0.47446234599402226,
    "confusion_matrix": {
      "tn": 1246,
      "fp": 1,
      "fn": 216,
      "tp": 4
    }
  },
  "gaps_insample": {
    "accuracy": 0.009389952153110004,
    "precision": 0.025352950782355665,
    "recall": 0.037280701754385914,
    "f1": 0.03123550703391953,
    "roc_auc": 0.0016428711545514174,
    "gini": 0.003285742309102835
  },
  "gaps_outsample": {
    "accuracy": 0.1448706878275815,
    "precision": 0.18025801407349484,
    "recall": 0.9816188197767145,
    "f1": 0.9543773303504847,
    "roc_auc": 0.26274688763957377,
    "gini": 0.5254937752791475
  },
  "overfitting_risk_insample": "LOW",
  "auc_gap_insample": 0.0016428711545514174,
  "auc_gap_outsample": 0.26274688763957377
}